t,scenarioIndex,scenarioName,ah,bh,ch,al,bl,cl,aState,bState,cState,shootThrough
0,1,normal_AH_BL,1,0,0,0,1,0,1,-1,0,0
5e-05,1,normal_AH_BL,1,0,0,0,1,0,1,-1,0,0
0.0001,1,normal_AH_BL,1,0,0,0,1,0,1,-1,0,0
0.00015,1,normal_AH_BL,1,0,0,0,1,0,1,-1,0,0
0.0002,1,normal_AH_BL,1,0,0,0,1,0,1,-1,0,0
0.00025,1,normal_AH_BL,1,0,0,0,1,0,1,-1,0,0
0.0003,1,normal_AH_BL,1,0,0,0,1,0,1,-1,0,0
0.00035,1,normal_AH_BL,1,0,0,0,1,0,1,-1,0,0
0.0004,1,normal_AH_BL,1,0,0,0,1,0,1,-1,0,0
0.00045,1,normal_AH_BL,1,0,0,0,1,0,1,-1,0,0
0.0005,1,normal_AH_BL,1,0,0,0,1,0,1,-1,0,0
0.00055,1,normal_AH_BL,1,0,0,0,1,0,1,-1,0,0
0.0006,1,normal_AH_BL,1,0,0,0,1,0,1,-1,0,0
0.00065,1,normal_AH_BL,1,0,0,0,1,0,1,-1,0,0
0.0007,1,normal_AH_BL,1,0,0,0,1,0,1,-1,0,0
0.00075,1,normal_AH_BL,1,0,0,0,1,0,1,-1,0,0
0.0008,1,normal_AH_BL,1,0,0,0,1,0,1,-1,0,0
0.00085,1,normal_AH_BL,1,0,0,0,1,0,1,-1,0,0
0.0009,1,normal_AH_BL,1,0,0,0,1,0,1,-1,0,0
0.00095,1,normal_AH_BL,1,0,0,0,1,0,1,-1,0,0
0.001,1,normal_AH_BL,1,0,0,0,1,0,1,-1,0,0
0.00105,1,normal_AH_BL,1,0,0,0,1,0,1,-1,0,0
0.0011,1,normal_AH_BL,1,0,0,0,1,0,1,-1,0,0
0.00115,1,normal_AH_BL,1,0,0,0,1,0,1,-1,0,0
0.0012,1,normal_AH_BL,1,0,0,0,1,0,1,-1,0,0
0.00125,1,normal_AH_BL,1,0,0,0,1,0,1,-1,0,0
0.0013,1,normal_AH_BL,1,0,0,0,1,0,1,-1,0,0
0.00135,1,normal_AH_BL,1,0,0,0,1,0,1,-1,0,0
0.0014,1,normal_AH_BL,1,0,0,0,1,0,1,-1,0,0
0.00145,1,normal_AH_BL,1,0,0,0,1,0,1,-1,0,0
0.0015,1,normal_AH_BL,1,0,0,0,1,0,1,-1,0,0
0.00155,1,normal_AH_BL,1,0,0,0,1,0,1,-1,0,0
0.0016,1,normal_AH_BL,1,0,0,0,1,0,1,-1,0,0
0.00165,1,normal_AH_BL,1,0,0,0,1,0,1,-1,0,0
0.0017,1,normal_AH_BL,1,0,0,0,1,0,1,-1,0,0
0.00175,1,normal_AH_BL,1,0,0,0,1,0,1,-1,0,0
0.0018,1,normal_AH_BL,1,0,0,0,1,0,1,-1,0,0
0.00185,1,normal_AH_BL,1,0,0,0,1,0,1,-1,0,0
0.0019,1,normal_AH_BL,1,0,0,0,1,0,1,-1,0,0
0.00195,1,normal_AH_BL,1,0,0,0,1,0,1,-1,0,0
0.002,1,normal_AH_BL,1,0,0,0,1,0,1,-1,0,0
0.00205,1,normal_AH_BL,1,0,0,0,1,0,1,-1,0,0
0.0021,1,normal_AH_BL,1,0,0,0,1,0,1,-1,0,0
0.00215,1,normal_AH_BL,1,0,0,0,1,0,1,-1,0,0
0.0022,1,normal_AH_BL,1,0,0,0,1,0,1,-1,0,0
0.00225,1,normal_AH_BL,1,0,0,0,1,0,1,-1,0,0
0.0023,1,normal_AH_BL,1,0,0,0,1,0,1,-1,0,0
0.00235,1,normal_AH_BL,1,0,0,0,1,0,1,-1,0,0
0.0024,1,normal_AH_BL,1,0,0,0,1,0,1,-1,0,0
0.00245,1,normal_AH_BL,1,0,0,0,1,0,1,-1,0,0
0.0025,1,normal_AH_BL,1,0,0,0,1,0,1,-1,0,0
0.00255,1,normal_AH_BL,1,0,0,0,1,0,1,-1,0,0
0.0026,1,normal_AH_BL,1,0,0,0,1,0,1,-1,0,0
0.00265,1,normal_AH_BL,1,0,0,0,1,0,1,-1,0,0
0.0027,1,normal_AH_BL,1,0,0,0,1,0,1,-1,0,0
0.00275,1,normal_AH_BL,1,0,0,0,1,0,1,-1,0,0
0.0028,1,normal_AH_BL,1,0,0,0,1,0,1,-1,0,0
0.00285,1,normal_AH_BL,1,0,0,0,1,0,1,-1,0,0
0.0029,1,normal_AH_BL,1,0,0,0,1,0,1,-1,0,0
0.00295,1,normal_AH_BL,1,0,0,0,1,0,1,-1,0,0
0.003,1,normal_AH_BL,1,0,0,0,1,0,1,-1,0,0
0.00305,1,normal_AH_BL,1,0,0,0,1,0,1,-1,0,0
0.0031,1,normal_AH_BL,1,0,0,0,1,0,1,-1,0,0
0.00315,1,normal_AH_BL,1,0,0,0,1,0,1,-1,0,0
0.0032,1,normal_AH_BL,1,0,0,0,1,0,1,-1,0,0
0.00325,1,normal_AH_BL,1,0,0,0,1,0,1,-1,0,0
0.0033,1,normal_AH_BL,1,0,0,0,1,0,1,-1,0,0
0.00335,1,normal_AH_BL,1,0,0,0,1,0,1,-1,0,0
0.0034,1,normal_AH_BL,1,0,0,0,1,0,1,-1,0,0
0.00345,1,normal_AH_BL,1,0,0,0,1,0,1,-1,0,0
0.0035,1,normal_AH_BL,1,0,0,0,1,0,1,-1,0,0
0.00355,1,normal_AH_BL,1,0,0,0,1,0,1,-1,0,0
0.0036,1,normal_AH_BL,1,0,0,0,1,0,1,-1,0,0
0.00365,1,normal_AH_BL,1,0,0,0,1,0,1,-1,0,0
0.0037,1,normal_AH_BL,1,0,0,0,1,0,1,-1,0,0
0.00375,1,normal_AH_BL,1,0,0,0,1,0,1,-1,0,0
0.0038,1,normal_AH_BL,1,0,0,0,1,0,1,-1,0,0
0.00385,1,normal_AH_BL,1,0,0,0,1,0,1,-1,0,0
0.0039,1,normal_AH_BL,1,0,0,0,1,0,1,-1,0,0
0.00395,1,normal_AH_BL,1,0,0,0,1,0,1,-1,0,0
0.004,2,normal_BH_CL,0,1,0,0,0,1,0,1,-1,0
0.00405,2,normal_BH_CL,0,1,0,0,0,1,0,1,-1,0
0.0041,2,normal_BH_CL,0,1,0,0,0,1,0,1,-1,0
0.00415,2,normal_BH_CL,0,1,0,0,0,1,0,1,-1,0
0.0042,2,normal_BH_CL,0,1,0,0,0,1,0,1,-1,0
0.00425,2,normal_BH_CL,0,1,0,0,0,1,0,1,-1,0
0.0043,2,normal_BH_CL,0,1,0,0,0,1,0,1,-1,0
0.00435,2,normal_BH_CL,0,1,0,0,0,1,0,1,-1,0
0.0044,2,normal_BH_CL,0,1,0,0,0,1,0,1,-1,0
0.00445,2,normal_BH_CL,0,1,0,0,0,1,0,1,-1,0
0.0045,2,normal_BH_CL,0,1,0,0,0,1,0,1,-1,0
0.00455,2,normal_BH_CL,0,1,0,0,0,1,0,1,-1,0
0.0046,2,normal_BH_CL,0,1,0,0,0,1,0,1,-1,0
0.00465,2,normal_BH_CL,0,1,0,0,0,1,0,1,-1,0
0.0047,2,normal_BH_CL,0,1,0,0,0,1,0,1,-1,0
0.00475,2,normal_BH_CL,0,1,0,0,0,1,0,1,-1,0
0.0048,2,normal_BH_CL,0,1,0,0,0,1,0,1,-1,0
0.00485,2,normal_BH_CL,0,1,0,0,0,1,0,1,-1,0
0.0049,2,normal_BH_CL,0,1,0,0,0,1,0,1,-1,0
0.00495,2,normal_BH_CL,0,1,0,0,0,1,0,1,-1,0
0.005,2,normal_BH_CL,0,1,0,0,0,1,0,1,-1,0
0.00505,2,normal_BH_CL,0,1,0,0,0,1,0,1,-1,0
0.0051,2,normal_BH_CL,0,1,0,0,0,1,0,1,-1,0
0.00515,2,normal_BH_CL,0,1,0,0,0,1,0,1,-1,0
0.0052,2,normal_BH_CL,0,1,0,0,0,1,0,1,-1,0
0.00525,2,normal_BH_CL,0,1,0,0,0,1,0,1,-1,0
0.0053,2,normal_BH_CL,0,1,0,0,0,1,0,1,-1,0
0.00535,2,normal_BH_CL,0,1,0,0,0,1,0,1,-1,0
0.0054,2,normal_BH_CL,0,1,0,0,0,1,0,1,-1,0
0.00545,2,normal_BH_CL,0,1,0,0,0,1,0,1,-1,0
0.0055,2,normal_BH_CL,0,1,0,0,0,1,0,1,-1,0
0.00555,2,normal_BH_CL,0,1,0,0,0,1,0,1,-1,0
0.0056,2,normal_BH_CL,0,1,0,0,0,1,0,1,-1,0
0.00565,2,normal_BH_CL,0,1,0,0,0,1,0,1,-1,0
0.0057,2,normal_BH_CL,0,1,0,0,0,1,0,1,-1,0
0.00575,2,normal_BH_CL,0,1,0,0,0,1,0,1,-1,0
0.0058,2,normal_BH_CL,0,1,0,0,0,1,0,1,-1,0
0.00585,2,normal_BH_CL,0,1,0,0,0,1,0,1,-1,0
0.0059,2,normal_BH_CL,0,1,0,0,0,1,0,1,-1,0
0.00595,2,normal_BH_CL,0,1,0,0,0,1,0,1,-1,0
0.006,2,normal_BH_CL,0,1,0,0,0,1,0,1,-1,0
0.00605,2,normal_BH_CL,0,1,0,0,0,1,0,1,-1,0
0.0061,2,normal_BH_CL,0,1,0,0,0,1,0,1,-1,0
0.00615,2,normal_BH_CL,0,1,0,0,0,1,0,1,-1,0
0.0062,2,normal_BH_CL,0,1,0,0,0,1,0,1,-1,0
0.00625,2,normal_BH_CL,0,1,0,0,0,1,0,1,-1,0
0.0063,2,normal_BH_CL,0,1,0,0,0,1,0,1,-1,0
0.00635,2,normal_BH_CL,0,1,0,0,0,1,0,1,-1,0
0.0064,2,normal_BH_CL,0,1,0,0,0,1,0,1,-1,0
0.00645,2,normal_BH_CL,0,1,0,0,0,1,0,1,-1,0
0.0065,2,normal_BH_CL,0,1,0,0,0,1,0,1,-1,0
0.00655,2,normal_BH_CL,0,1,0,0,0,1,0,1,-1,0
0.0066,2,normal_BH_CL,0,1,0,0,0,1,0,1,-1,0
0.00665,2,normal_BH_CL,0,1,0,0,0,1,0,1,-1,0
0.0067,2,normal_BH_CL,0,1,0,0,0,1,0,1,-1,0
0.00675,2,normal_BH_CL,0,1,0,0,0,1,0,1,-1,0
0.0068,2,normal_BH_CL,0,1,0,0,0,1,0,1,-1,0
0.00685,2,normal_BH_CL,0,1,0,0,0,1,0,1,-1,0
0.0069,2,normal_BH_CL,0,1,0,0,0,1,0,1,-1,0
0.00695,2,normal_BH_CL,0,1,0,0,0,1,0,1,-1,0
0.007,2,normal_BH_CL,0,1,0,0,0,1,0,1,-1,0
0.00705,2,normal_BH_CL,0,1,0,0,0,1,0,1,-1,0
0.0071,2,normal_BH_CL,0,1,0,0,0,1,0,1,-1,0
0.00715,2,normal_BH_CL,0,1,0,0,0,1,0,1,-1,0
0.0072,2,normal_BH_CL,0,1,0,0,0,1,0,1,-1,0
0.00725,2,normal_BH_CL,0,1,0,0,0,1,0,1,-1,0
0.0073,2,normal_BH_CL,0,1,0,0,0,1,0,1,-1,0
0.00735,2,normal_BH_CL,0,1,0,0,0,1,0,1,-1,0
0.0074,2,normal_BH_CL,0,1,0,0,0,1,0,1,-1,0
0.00745,2,normal_BH_CL,0,1,0,0,0,1,0,1,-1,0
0.0075,2,normal_BH_CL,0,1,0,0,0,1,0,1,-1,0
0.00755,2,normal_BH_CL,0,1,0,0,0,1,0,1,-1,0
0.0076,2,normal_BH_CL,0,1,0,0,0,1,0,1,-1,0
0.00765,2,normal_BH_CL,0,1,0,0,0,1,0,1,-1,0
0.0077,2,normal_BH_CL,0,1,0,0,0,1,0,1,-1,0
0.00775,2,normal_BH_CL,0,1,0,0,0,1,0,1,-1,0
0.0078,2,normal_BH_CL,0,1,0,0,0,1,0,1,-1,0
0.00785,2,normal_BH_CL,0,1,0,0,0,1,0,1,-1,0
0.0079,2,normal_BH_CL,0,1,0,0,0,1,0,1,-1,0
0.00795,2,normal_BH_CL,0,1,0,0,0,1,0,1,-1,0
0.008,3,normal_CH_AL,0,0,1,1,0,0,-1,0,1,0
0.00805,3,normal_CH_AL,0,0,1,1,0,0,-1,0,1,0
0.0081,3,normal_CH_AL,0,0,1,1,0,0,-1,0,1,0
0.00815,3,normal_CH_AL,0,0,1,1,0,0,-1,0,1,0
0.0082,3,normal_CH_AL,0,0,1,1,0,0,-1,0,1,0
0.00825,3,normal_CH_AL,0,0,1,1,0,0,-1,0,1,0
0.0083,3,normal_CH_AL,0,0,1,1,0,0,-1,0,1,0
0.00835,3,normal_CH_AL,0,0,1,1,0,0,-1,0,1,0
0.0084,3,normal_CH_AL,0,0,1,1,0,0,-1,0,1,0
0.00845,3,normal_CH_AL,0,0,1,1,0,0,-1,0,1,0
0.0085,3,normal_CH_AL,0,0,1,1,0,0,-1,0,1,0
0.00855,3,normal_CH_AL,0,0,1,1,0,0,-1,0,1,0
0.0086,3,normal_CH_AL,0,0,1,1,0,0,-1,0,1,0
0.00865,3,normal_CH_AL,0,0,1,1,0,0,-1,0,1,0
0.0087,3,normal_CH_AL,0,0,1,1,0,0,-1,0,1,0
0.00875,3,normal_CH_AL,0,0,1,1,0,0,-1,0,1,0
0.0088,3,normal_CH_AL,0,0,1,1,0,0,-1,0,1,0
0.00885,3,normal_CH_AL,0,0,1,1,0,0,-1,0,1,0
0.0089,3,normal_CH_AL,0,0,1,1,0,0,-1,0,1,0
0.00895,3,normal_CH_AL,0,0,1,1,0,0,-1,0,1,0
0.009,3,normal_CH_AL,0,0,1,1,0,0,-1,0,1,0
0.00905,3,normal_CH_AL,0,0,1,1,0,0,-1,0,1,0
0.0091,3,normal_CH_AL,0,0,1,1,0,0,-1,0,1,0
0.00915,3,normal_CH_AL,0,0,1,1,0,0,-1,0,1,0
0.0092,3,normal_CH_AL,0,0,1,1,0,0,-1,0,1,0
0.00925,3,normal_CH_AL,0,0,1,1,0,0,-1,0,1,0
0.0093,3,normal_CH_AL,0,0,1,1,0,0,-1,0,1,0
0.00935,3,normal_CH_AL,0,0,1,1,0,0,-1,0,1,0
0.0094,3,normal_CH_AL,0,0,1,1,0,0,-1,0,1,0
0.00945,3,normal_CH_AL,0,0,1,1,0,0,-1,0,1,0
0.0095,3,normal_CH_AL,0,0,1,1,0,0,-1,0,1,0
0.00955,3,normal_CH_AL,0,0,1,1,0,0,-1,0,1,0
0.0096,3,normal_CH_AL,0,0,1,1,0,0,-1,0,1,0
0.00965,3,normal_CH_AL,0,0,1,1,0,0,-1,0,1,0
0.0097,3,normal_CH_AL,0,0,1,1,0,0,-1,0,1,0
0.00975,3,normal_CH_AL,0,0,1,1,0,0,-1,0,1,0
0.0098,3,normal_CH_AL,0,0,1,1,0,0,-1,0,1,0
0.00985,3,normal_CH_AL,0,0,1,1,0,0,-1,0,1,0
0.0099,3,normal_CH_AL,0,0,1,1,0,0,-1,0,1,0
0.00995,3,normal_CH_AL,0,0,1,1,0,0,-1,0,1,0
0.01,3,normal_CH_AL,0,0,1,1,0,0,-1,0,1,0
0.01005,3,normal_CH_AL,0,0,1,1,0,0,-1,0,1,0
0.0101,3,normal_CH_AL,0,0,1,1,0,0,-1,0,1,0
0.01015,3,normal_CH_AL,0,0,1,1,0,0,-1,0,1,0
0.0102,3,normal_CH_AL,0,0,1,1,0,0,-1,0,1,0
0.01025,3,normal_CH_AL,0,0,1,1,0,0,-1,0,1,0
0.0103,3,normal_CH_AL,0,0,1,1,0,0,-1,0,1,0
0.01035,3,normal_CH_AL,0,0,1,1,0,0,-1,0,1,0
0.0104,3,normal_CH_AL,0,0,1,1,0,0,-1,0,1,0
0.01045,3,normal_CH_AL,0,0,1,1,0,0,-1,0,1,0
0.0105,3,normal_CH_AL,0,0,1,1,0,0,-1,0,1,0
0.01055,3,normal_CH_AL,0,0,1,1,0,0,-1,0,1,0
0.0106,3,normal_CH_AL,0,0,1,1,0,0,-1,0,1,0
0.01065,3,normal_CH_AL,0,0,1,1,0,0,-1,0,1,0
0.0107,3,normal_CH_AL,0,0,1,1,0,0,-1,0,1,0
0.01075,3,normal_CH_AL,0,0,1,1,0,0,-1,0,1,0
0.0108,3,normal_CH_AL,0,0,1,1,0,0,-1,0,1,0
0.01085,3,normal_CH_AL,0,0,1,1,0,0,-1,0,1,0
0.0109,3,normal_CH_AL,0,0,1,1,0,0,-1,0,1,0
0.01095,3,normal_CH_AL,0,0,1,1,0,0,-1,0,1,0
0.011,3,normal_CH_AL,0,0,1,1,0,0,-1,0,1,0
0.01105,3,normal_CH_AL,0,0,1,1,0,0,-1,0,1,0
0.0111,3,normal_CH_AL,0,0,1,1,0,0,-1,0,1,0
0.01115,3,normal_CH_AL,0,0,1,1,0,0,-1,0,1,0
0.0112,3,normal_CH_AL,0,0,1,1,0,0,-1,0,1,0
0.01125,3,normal_CH_AL,0,0,1,1,0,0,-1,0,1,0
0.0113,3,normal_CH_AL,0,0,1,1,0,0,-1,0,1,0
0.01135,3,normal_CH_AL,0,0,1,1,0,0,-1,0,1,0
0.0114,3,normal_CH_AL,0,0,1,1,0,0,-1,0,1,0
0.01145,3,normal_CH_AL,0,0,1,1,0,0,-1,0,1,0
0.0115,3,normal_CH_AL,0,0,1,1,0,0,-1,0,1,0
0.01155,3,normal_CH_AL,0,0,1,1,0,0,-1,0,1,0
0.0116,3,normal_CH_AL,0,0,1,1,0,0,-1,0,1,0
0.01165,3,normal_CH_AL,0,0,1,1,0,0,-1,0,1,0
0.0117,3,normal_CH_AL,0,0,1,1,0,0,-1,0,1,0
0.01175,3,normal_CH_AL,0,0,1,1,0,0,-1,0,1,0
0.0118,3,normal_CH_AL,0,0,1,1,0,0,-1,0,1,0
0.01185,3,normal_CH_AL,0,0,1,1,0,0,-1,0,1,0
0.0119,3,normal_CH_AL,0,0,1,1,0,0,-1,0,1,0
0.01195,3,normal_CH_AL,0,0,1,1,0,0,-1,0,1,0
0.012,4,all_off,0,0,0,0,0,0,0,0,0,0
0.01205,4,all_off,0,0,0,0,0,0,0,0,0,0
0.0121,4,all_off,0,0,0,0,0,0,0,0,0,0
0.01215,4,all_off,0,0,0,0,0,0,0,0,0,0
0.0122,4,all_off,0,0,0,0,0,0,0,0,0,0
0.01225,4,all_off,0,0,0,0,0,0,0,0,0,0
0.0123,4,all_off,0,0,0,0,0,0,0,0,0,0
0.01235,4,all_off,0,0,0,0,0,0,0,0,0,0
0.0124,4,all_off,0,0,0,0,0,0,0,0,0,0
0.01245,4,all_off,0,0,0,0,0,0,0,0,0,0
0.0125,4,all_off,0,0,0,0,0,0,0,0,0,0
0.01255,4,all_off,0,0,0,0,0,0,0,0,0,0
0.0126,4,all_off,0,0,0,0,0,0,0,0,0,0
0.01265,4,all_off,0,0,0,0,0,0,0,0,0,0
0.0127,4,all_off,0,0,0,0,0,0,0,0,0,0
0.01275,4,all_off,0,0,0,0,0,0,0,0,0,0
0.0128,4,all_off,0,0,0,0,0,0,0,0,0,0
0.01285,4,all_off,0,0,0,0,0,0,0,0,0,0
0.0129,4,all_off,0,0,0,0,0,0,0,0,0,0
0.01295,4,all_off,0,0,0,0,0,0,0,0,0,0
0.013,4,all_off,0,0,0,0,0,0,0,0,0,0
0.01305,4,all_off,0,0,0,0,0,0,0,0,0,0
0.0131,4,all_off,0,0,0,0,0,0,0,0,0,0
0.01315,4,all_off,0,0,0,0,0,0,0,0,0,0
0.0132,4,all_off,0,0,0,0,0,0,0,0,0,0
0.01325,4,all_off,0,0,0,0,0,0,0,0,0,0
0.0133,4,all_off,0,0,0,0,0,0,0,0,0,0
0.01335,4,all_off,0,0,0,0,0,0,0,0,0,0
0.0134,4,all_off,0,0,0,0,0,0,0,0,0,0
0.01345,4,all_off,0,0,0,0,0,0,0,0,0,0
0.0135,4,all_off,0,0,0,0,0,0,0,0,0,0
0.01355,4,all_off,0,0,0,0,0,0,0,0,0,0
0.0136,4,all_off,0,0,0,0,0,0,0,0,0,0
0.01365,4,all_off,0,0,0,0,0,0,0,0,0,0
0.0137,4,all_off,0,0,0,0,0,0,0,0,0,0
0.01375,4,all_off,0,0,0,0,0,0,0,0,0,0
0.0138,4,all_off,0,0,0,0,0,0,0,0,0,0
0.01385,4,all_off,0,0,0,0,0,0,0,0,0,0
0.0139,4,all_off,0,0,0,0,0,0,0,0,0,0
0.01395,4,all_off,0,0,0,0,0,0,0,0,0,0
0.014,4,all_off,0,0,0,0,0,0,0,0,0,0
0.01405,4,all_off,0,0,0,0,0,0,0,0,0,0
0.0141,4,all_off,0,0,0,0,0,0,0,0,0,0
0.01415,4,all_off,0,0,0,0,0,0,0,0,0,0
0.0142,4,all_off,0,0,0,0,0,0,0,0,0,0
0.01425,4,all_off,0,0,0,0,0,0,0,0,0,0
0.0143,4,all_off,0,0,0,0,0,0,0,0,0,0
0.01435,4,all_off,0,0,0,0,0,0,0,0,0,0
0.0144,4,all_off,0,0,0,0,0,0,0,0,0,0
0.01445,4,all_off,0,0,0,0,0,0,0,0,0,0
0.0145,4,all_off,0,0,0,0,0,0,0,0,0,0
0.01455,4,all_off,0,0,0,0,0,0,0,0,0,0
0.0146,4,all_off,0,0,0,0,0,0,0,0,0,0
0.01465,4,all_off,0,0,0,0,0,0,0,0,0,0
0.0147,4,all_off,0,0,0,0,0,0,0,0,0,0
0.01475,4,all_off,0,0,0,0,0,0,0,0,0,0
0.0148,4,all_off,0,0,0,0,0,0,0,0,0,0
0.01485,4,all_off,0,0,0,0,0,0,0,0,0,0
0.0149,4,all_off,0,0,0,0,0,0,0,0,0,0
0.01495,4,all_off,0,0,0,0,0,0,0,0,0,0
0.015,4,all_off,0,0,0,0,0,0,0,0,0,0
0.01505,4,all_off,0,0,0,0,0,0,0,0,0,0
0.0151,4,all_off,0,0,0,0,0,0,0,0,0,0
0.01515,4,all_off,0,0,0,0,0,0,0,0,0,0
0.0152,4,all_off,0,0,0,0,0,0,0,0,0,0
0.01525,4,all_off,0,0,0,0,0,0,0,0,0,0
0.0153,4,all_off,0,0,0,0,0,0,0,0,0,0
0.01535,4,all_off,0,0,0,0,0,0,0,0,0,0
0.0154,4,all_off,0,0,0,0,0,0,0,0,0,0
0.01545,4,all_off,0,0,0,0,0,0,0,0,0,0
0.0155,4,all_off,0,0,0,0,0,0,0,0,0,0
0.01555,4,all_off,0,0,0,0,0,0,0,0,0,0
0.0156,4,all_off,0,0,0,0,0,0,0,0,0,0
0.01565,4,all_off,0,0,0,0,0,0,0,0,0,0
0.0157,4,all_off,0,0,0,0,0,0,0,0,0,0
0.01575,4,all_off,0,0,0,0,0,0,0,0,0,0
0.0158,4,all_off,0,0,0,0,0,0,0,0,0,0
0.01585,4,all_off,0,0,0,0,0,0,0,0,0,0
0.0159,4,all_off,0,0,0,0,0,0,0,0,0,0
0.01595,4,all_off,0,0,0,0,0,0,0,0,0,0
0.016,5,fault_AH_AL,1,0,0,1,0,0,2,0,0,1
0.01605,5,fault_AH_AL,1,0,0,1,0,0,2,0,0,1
0.0161,5,fault_AH_AL,1,0,0,1,0,0,2,0,0,1
0.01615,5,fault_AH_AL,1,0,0,1,0,0,2,0,0,1
0.0162,5,fault_AH_AL,1,0,0,1,0,0,2,0,0,1
0.01625,5,fault_AH_AL,1,0,0,1,0,0,2,0,0,1
0.0163,5,fault_AH_AL,1,0,0,1,0,0,2,0,0,1
0.01635,5,fault_AH_AL,1,0,0,1,0,0,2,0,0,1
0.0164,5,fault_AH_AL,1,0,0,1,0,0,2,0,0,1
0.01645,5,fault_AH_AL,1,0,0,1,0,0,2,0,0,1
0.0165,5,fault_AH_AL,1,0,0,1,0,0,2,0,0,1
0.01655,5,fault_AH_AL,1,0,0,1,0,0,2,0,0,1
0.0166,5,fault_AH_AL,1,0,0,1,0,0,2,0,0,1
0.01665,5,fault_AH_AL,1,0,0,1,0,0,2,0,0,1
0.0167,5,fault_AH_AL,1,0,0,1,0,0,2,0,0,1
0.01675,5,fault_AH_AL,1,0,0,1,0,0,2,0,0,1
0.0168,5,fault_AH_AL,1,0,0,1,0,0,2,0,0,1
0.01685,5,fault_AH_AL,1,0,0,1,0,0,2,0,0,1
0.0169,5,fault_AH_AL,1,0,0,1,0,0,2,0,0,1
0.01695,5,fault_AH_AL,1,0,0,1,0,0,2,0,0,1
0.017,5,fault_AH_AL,1,0,0,1,0,0,2,0,0,1
0.01705,5,fault_AH_AL,1,0,0,1,0,0,2,0,0,1
0.0171,5,fault_AH_AL,1,0,0,1,0,0,2,0,0,1
0.01715,5,fault_AH_AL,1,0,0,1,0,0,2,0,0,1
0.0172,5,fault_AH_AL,1,0,0,1,0,0,2,0,0,1
0.01725,5,fault_AH_AL,1,0,0,1,0,0,2,0,0,1
0.0173,5,fault_AH_AL,1,0,0,1,0,0,2,0,0,1
0.01735,5,fault_AH_AL,1,0,0,1,0,0,2,0,0,1
0.0174,5,fault_AH_AL,1,0,0,1,0,0,2,0,0,1
0.01745,5,fault_AH_AL,1,0,0,1,0,0,2,0,0,1
0.0175,5,fault_AH_AL,1,0,0,1,0,0,2,0,0,1
0.01755,5,fault_AH_AL,1,0,0,1,0,0,2,0,0,1
0.0176,5,fault_AH_AL,1,0,0,1,0,0,2,0,0,1
0.01765,5,fault_AH_AL,1,0,0,1,0,0,2,0,0,1
0.0177,5,fault_AH_AL,1,0,0,1,0,0,2,0,0,1
0.01775,5,fault_AH_AL,1,0,0,1,0,0,2,0,0,1
0.0178,5,fault_AH_AL,1,0,0,1,0,0,2,0,0,1
0.01785,5,fault_AH_AL,1,0,0,1,0,0,2,0,0,1
0.0179,5,fault_AH_AL,1,0,0,1,0,0,2,0,0,1
0.01795,5,fault_AH_AL,1,0,0,1,0,0,2,0,0,1
0.018,5,fault_AH_AL,1,0,0,1,0,0,2,0,0,1
0.01805,5,fault_AH_AL,1,0,0,1,0,0,2,0,0,1
0.0181,5,fault_AH_AL,1,0,0,1,0,0,2,0,0,1
0.01815,5,fault_AH_AL,1,0,0,1,0,0,2,0,0,1
0.0182,5,fault_AH_AL,1,0,0,1,0,0,2,0,0,1
0.01825,5,fault_AH_AL,1,0,0,1,0,0,2,0,0,1
0.0183,5,fault_AH_AL,1,0,0,1,0,0,2,0,0,1
0.01835,5,fault_AH_AL,1,0,0,1,0,0,2,0,0,1
0.0184,5,fault_AH_AL,1,0,0,1,0,0,2,0,0,1
0.01845,5,fault_AH_AL,1,0,0,1,0,0,2,0,0,1
0.0185,5,fault_AH_AL,1,0,0,1,0,0,2,0,0,1
0.01855,5,fault_AH_AL,1,0,0,1,0,0,2,0,0,1
0.0186,5,fault_AH_AL,1,0,0,1,0,0,2,0,0,1
0.01865,5,fault_AH_AL,1,0,0,1,0,0,2,0,0,1
0.0187,5,fault_AH_AL,1,0,0,1,0,0,2,0,0,1
0.01875,5,fault_AH_AL,1,0,0,1,0,0,2,0,0,1
0.0188,5,fault_AH_AL,1,0,0,1,0,0,2,0,0,1
0.01885,5,fault_AH_AL,1,0,0,1,0,0,2,0,0,1
0.0189,5,fault_AH_AL,1,0,0,1,0,0,2,0,0,1
0.01895,5,fault_AH_AL,1,0,0,1,0,0,2,0,0,1
0.019,5,fault_AH_AL,1,0,0,1,0,0,2,0,0,1
0.01905,5,fault_AH_AL,1,0,0,1,0,0,2,0,0,1
0.0191,5,fault_AH_AL,1,0,0,1,0,0,2,0,0,1
0.01915,5,fault_AH_AL,1,0,0,1,0,0,2,0,0,1
0.0192,5,fault_AH_AL,1,0,0,1,0,0,2,0,0,1
0.01925,5,fault_AH_AL,1,0,0,1,0,0,2,0,0,1
0.0193,5,fault_AH_AL,1,0,0,1,0,0,2,0,0,1
0.01935,5,fault_AH_AL,1,0,0,1,0,0,2,0,0,1
0.0194,5,fault_AH_AL,1,0,0,1,0,0,2,0,0,1
0.01945,5,fault_AH_AL,1,0,0,1,0,0,2,0,0,1
0.0195,5,fault_AH_AL,1,0,0,1,0,0,2,0,0,1
0.01955,5,fault_AH_AL,1,0,0,1,0,0,2,0,0,1
0.0196,5,fault_AH_AL,1,0,0,1,0,0,2,0,0,1
0.01965,5,fault_AH_AL,1,0,0,1,0,0,2,0,0,1
0.0197,5,fault_AH_AL,1,0,0,1,0,0,2,0,0,1
0.01975,5,fault_AH_AL,1,0,0,1,0,0,2,0,0,1
0.0198,5,fault_AH_AL,1,0,0,1,0,0,2,0,0,1
0.01985,5,fault_AH_AL,1,0,0,1,0,0,2,0,0,1
0.0199,5,fault_AH_AL,1,0,0,1,0,0,2,0,0,1
0.01995,5,fault_AH_AL,1,0,0,1,0,0,2,0,0,1
0.02,6,fault_BH_BL,0,1,0,0,1,0,0,2,0,1
0.02005,6,fault_BH_BL,0,1,0,0,1,0,0,2,0,1
0.0201,6,fault_BH_BL,0,1,0,0,1,0,0,2,0,1
0.02015,6,fault_BH_BL,0,1,0,0,1,0,0,2,0,1
0.0202,6,fault_BH_BL,0,1,0,0,1,0,0,2,0,1
0.02025,6,fault_BH_BL,0,1,0,0,1,0,0,2,0,1
0.0203,6,fault_BH_BL,0,1,0,0,1,0,0,2,0,1
0.02035,6,fault_BH_BL,0,1,0,0,1,0,0,2,0,1
0.0204,6,fault_BH_BL,0,1,0,0,1,0,0,2,0,1
0.02045,6,fault_BH_BL,0,1,0,0,1,0,0,2,0,1
0.0205,6,fault_BH_BL,0,1,0,0,1,0,0,2,0,1
0.02055,6,fault_BH_BL,0,1,0,0,1,0,0,2,0,1
0.0206,6,fault_BH_BL,0,1,0,0,1,0,0,2,0,1
0.02065,6,fault_BH_BL,0,1,0,0,1,0,0,2,0,1
0.0207,6,fault_BH_BL,0,1,0,0,1,0,0,2,0,1
0.02075,6,fault_BH_BL,0,1,0,0,1,0,0,2,0,1
0.0208,6,fault_BH_BL,0,1,0,0,1,0,0,2,0,1
0.02085,6,fault_BH_BL,0,1,0,0,1,0,0,2,0,1
0.0209,6,fault_BH_BL,0,1,0,0,1,0,0,2,0,1
0.02095,6,fault_BH_BL,0,1,0,0,1,0,0,2,0,1
0.021,6,fault_BH_BL,0,1,0,0,1,0,0,2,0,1
0.02105,6,fault_BH_BL,0,1,0,0,1,0,0,2,0,1
0.0211,6,fault_BH_BL,0,1,0,0,1,0,0,2,0,1
0.02115,6,fault_BH_BL,0,1,0,0,1,0,0,2,0,1
0.0212,6,fault_BH_BL,0,1,0,0,1,0,0,2,0,1
0.02125,6,fault_BH_BL,0,1,0,0,1,0,0,2,0,1
0.0213,6,fault_BH_BL,0,1,0,0,1,0,0,2,0,1
0.02135,6,fault_BH_BL,0,1,0,0,1,0,0,2,0,1
0.0214,6,fault_BH_BL,0,1,0,0,1,0,0,2,0,1
0.02145,6,fault_BH_BL,0,1,0,0,1,0,0,2,0,1
0.0215,6,fault_BH_BL,0,1,0,0,1,0,0,2,0,1
0.02155,6,fault_BH_BL,0,1,0,0,1,0,0,2,0,1
0.0216,6,fault_BH_BL,0,1,0,0,1,0,0,2,0,1
0.02165,6,fault_BH_BL,0,1,0,0,1,0,0,2,0,1
0.0217,6,fault_BH_BL,0,1,0,0,1,0,0,2,0,1
0.02175,6,fault_BH_BL,0,1,0,0,1,0,0,2,0,1
0.0218,6,fault_BH_BL,0,1,0,0,1,0,0,2,0,1
0.02185,6,fault_BH_BL,0,1,0,0,1,0,0,2,0,1
0.0219,6,fault_BH_BL,0,1,0,0,1,0,0,2,0,1
0.02195,6,fault_BH_BL,0,1,0,0,1,0,0,2,0,1
0.022,6,fault_BH_BL,0,1,0,0,1,0,0,2,0,1
0.02205,6,fault_BH_BL,0,1,0,0,1,0,0,2,0,1
0.0221,6,fault_BH_BL,0,1,0,0,1,0,0,2,0,1
0.02215,6,fault_BH_BL,0,1,0,0,1,0,0,2,0,1
0.0222,6,fault_BH_BL,0,1,0,0,1,0,0,2,0,1
0.02225,6,fault_BH_BL,0,1,0,0,1,0,0,2,0,1
0.0223,6,fault_BH_BL,0,1,0,0,1,0,0,2,0,1
0.02235,6,fault_BH_BL,0,1,0,0,1,0,0,2,0,1
0.0224,6,fault_BH_BL,0,1,0,0,1,0,0,2,0,1
0.02245,6,fault_BH_BL,0,1,0,0,1,0,0,2,0,1
0.0225,6,fault_BH_BL,0,1,0,0,1,0,0,2,0,1
0.02255,6,fault_BH_BL,0,1,0,0,1,0,0,2,0,1
0.0226,6,fault_BH_BL,0,1,0,0,1,0,0,2,0,1
0.02265,6,fault_BH_BL,0,1,0,0,1,0,0,2,0,1
0.0227,6,fault_BH_BL,0,1,0,0,1,0,0,2,0,1
0.02275,6,fault_BH_BL,0,1,0,0,1,0,0,2,0,1
0.0228,6,fault_BH_BL,0,1,0,0,1,0,0,2,0,1
0.02285,6,fault_BH_BL,0,1,0,0,1,0,0,2,0,1
0.0229,6,fault_BH_BL,0,1,0,0,1,0,0,2,0,1
0.02295,6,fault_BH_BL,0,1,0,0,1,0,0,2,0,1
0.023,6,fault_BH_BL,0,1,0,0,1,0,0,2,0,1
0.02305,6,fault_BH_BL,0,1,0,0,1,0,0,2,0,1
0.0231,6,fault_BH_BL,0,1,0,0,1,0,0,2,0,1
0.02315,6,fault_BH_BL,0,1,0,0,1,0,0,2,0,1
0.0232,6,fault_BH_BL,0,1,0,0,1,0,0,2,0,1
0.02325,6,fault_BH_BL,0,1,0,0,1,0,0,2,0,1
0.0233,6,fault_BH_BL,0,1,0,0,1,0,0,2,0,1
0.02335,6,fault_BH_BL,0,1,0,0,1,0,0,2,0,1
0.0234,6,fault_BH_BL,0,1,0,0,1,0,0,2,0,1
0.02345,6,fault_BH_BL,0,1,0,0,1,0,0,2,0,1
0.0235,6,fault_BH_BL,0,1,0,0,1,0,0,2,0,1
0.02355,6,fault_BH_BL,0,1,0,0,1,0,0,2,0,1
0.0236,6,fault_BH_BL,0,1,0,0,1,0,0,2,0,1
0.02365,6,fault_BH_BL,0,1,0,0,1,0,0,2,0,1
0.0237,6,fault_BH_BL,0,1,0,0,1,0,0,2,0,1
0.02375,6,fault_BH_BL,0,1,0,0,1,0,0,2,0,1
0.0238,6,fault_BH_BL,0,1,0,0,1,0,0,2,0,1
0.02385,6,fault_BH_BL,0,1,0,0,1,0,0,2,0,1
0.0239,6,fault_BH_BL,0,1,0,0,1,0,0,2,0,1
0.02395,6,fault_BH_BL,0,1,0,0,1,0,0,2,0,1
