time_s,mechanical_angle_rad,speed_rad_s,hall_a,hall_b,hall_c,hall_valid,hall_code
0.0,0.0,-100.0,1.0,0.0,1.0,1.0,5
0.0001,-0.010000000000000005,-100.0,1.0,0.0,0.0,1.0,4
0.0002,-0.020000000000000014,-100.0,1.0,0.0,0.0,1.0,4
0.0003,-0.030000000000000013,-100.0,1.0,0.0,0.0,1.0,4
0.0004,-0.04000000000000001,-100.0,1.0,0.0,0.0,1.0,4
0.0005,-0.05,-100.0,1.0,0.0,0.0,1.0,4
0.0006,-0.05999999999999999,-100.0,1.0,0.0,0.0,1.0,4
0.0007,-0.07,-100.0,1.0,0.0,0.0,1.0,4
0.0008,-0.08000000000000002,-100.0,1.0,0.0,0.0,1.0,4
0.0009,-0.08999999999999998,-100.0,1.0,0.0,0.0,1.0,4
0.001,-0.09999999999999999,-100.0,1.0,0.0,0.0,1.0,4
0.0011,-0.11,-100.0,1.0,0.0,0.0,1.0,4
0.0012,-0.11999999999999997,-100.0,1.0,0.0,0.0,1.0,4
0.0013,-0.12999999999999995,-100.0,1.0,0.0,0.0,1.0,4
0.0014,-0.13999999999999993,-100.0,1.0,0.0,0.0,1.0,4
0.0015,-0.1499999999999999,-100.0,1.0,0.0,0.0,1.0,4
0.0016,-0.1599999999999999,-100.0,1.0,0.0,0.0,1.0,4
0.0017,-0.16999999999999985,-100.0,1.0,0.0,0.0,1.0,4
0.0018,-0.17999999999999983,-100.0,1.0,0.0,0.0,1.0,4
0.0019,-0.1899999999999998,-100.0,1.0,0.0,0.0,1.0,4
0.002,-0.19999999999999982,-100.0,1.0,0.0,0.0,1.0,4
0.0021,-0.20999999999999977,-100.0,1.0,0.0,0.0,1.0,4
0.0022,-0.21999999999999978,-100.0,1.0,0.0,0.0,1.0,4
0.0023,-0.22999999999999973,-100.0,1.0,0.0,0.0,1.0,4
0.0024,-0.23999999999999969,-100.0,1.0,0.0,0.0,1.0,4
0.0025,-0.24999999999999972,-100.0,1.0,0.0,0.0,1.0,4
0.0026,-0.25999999999999973,-100.0,1.0,0.0,0.0,1.0,4
0.0027,-0.26999999999999974,-100.0,1.0,0.0,0.0,1.0,4
0.0028,-0.27999999999999975,-100.0,1.0,0.0,0.0,1.0,4
0.0029,-0.28999999999999976,-100.0,1.0,0.0,0.0,1.0,4
0.003,-0.29999999999999977,-100.0,1.0,0.0,0.0,1.0,4
0.0031,-0.3099999999999998,-100.0,1.0,0.0,0.0,1.0,4
0.0032,-0.3199999999999998,-100.0,1.0,0.0,0.0,1.0,4
0.0033,-0.3299999999999998,-100.0,1.0,0.0,0.0,1.0,4
0.0034,-0.3399999999999998,-100.0,1.0,0.0,0.0,1.0,4
0.0035,-0.3499999999999998,-100.0,1.0,0.0,0.0,1.0,4
0.0036,-0.3599999999999998,-100.0,1.0,0.0,0.0,1.0,4
0.0037,-0.36999999999999983,-100.0,1.0,0.0,0.0,1.0,4
0.0038,-0.37999999999999984,-100.0,1.0,0.0,0.0,1.0,4
0.0039,-0.38999999999999985,-100.0,1.0,0.0,0.0,1.0,4
0.004,-0.4000000000000003,-100.0,1.0,0.0,0.0,1.0,4
0.0041,-0.41000000000000075,-100.0,1.0,0.0,0.0,1.0,4
0.0042,-0.42000000000000115,-100.0,1.0,0.0,0.0,1.0,4
0.0043,-0.4300000000000016,-100.0,1.0,0.0,0.0,1.0,4
0.0044,-0.44000000000000206,-100.0,1.0,0.0,0.0,1.0,4
0.0045,-0.45000000000000245,-100.0,1.0,0.0,0.0,1.0,4
0.0046,-0.4600000000000029,-100.0,1.0,0.0,0.0,1.0,4
0.0047,-0.47000000000000336,-100.0,1.0,0.0,0.0,1.0,4
0.0048,-0.48000000000000376,-100.0,1.0,0.0,0.0,1.0,4
0.0049,-0.4900000000000042,-100.0,1.0,0.0,0.0,1.0,4
0.005,-0.5000000000000047,-100.0,1.0,0.0,0.0,1.0,4
0.0051,-0.5100000000000052,-100.0,1.0,0.0,0.0,1.0,4
0.0052,-0.5200000000000055,-100.0,1.0,0.0,0.0,1.0,4
0.0053,-0.530000000000006,-100.0,1.0,0.0,0.0,1.0,4
0.0054,-0.5400000000000066,-100.0,1.0,0.0,0.0,1.0,4
0.0055,-0.5500000000000068,-100.0,1.0,0.0,0.0,1.0,4
0.0056,-0.5600000000000074,-100.0,1.0,0.0,0.0,1.0,4
0.0057,-0.570000000000008,-100.0,1.0,0.0,0.0,1.0,4
0.0058,-0.5800000000000082,-100.0,1.0,0.0,0.0,1.0,4
0.0059,-0.5900000000000087,-100.0,1.0,0.0,0.0,1.0,4
0.006,-0.6000000000000093,-100.0,1.0,0.0,0.0,1.0,4
0.0061,-0.6100000000000099,-100.0,1.0,0.0,0.0,1.0,4
0.0062,-0.6200000000000101,-100.0,1.0,0.0,0.0,1.0,4
0.0063,-0.6300000000000107,-100.0,1.0,0.0,0.0,1.0,4
0.0064,-0.6400000000000112,-100.0,1.0,0.0,0.0,1.0,4
0.0065,-0.6500000000000115,-100.0,1.0,0.0,0.0,1.0,4
0.0066,-0.660000000000012,-100.0,1.0,0.0,0.0,1.0,4
0.0067,-0.6700000000000126,-100.0,1.0,0.0,0.0,1.0,4
0.0068,-0.6800000000000128,-100.0,1.0,0.0,0.0,1.0,4
0.0069,-0.6900000000000134,-100.0,1.0,0.0,0.0,1.0,4
0.007,-0.7000000000000139,-100.0,1.0,0.0,0.0,1.0,4
0.0071,-0.7100000000000145,-100.0,1.0,0.0,0.0,1.0,4
0.0072,-0.7200000000000147,-100.0,1.0,0.0,0.0,1.0,4
0.0073,-0.7300000000000153,-100.0,1.0,0.0,0.0,1.0,4
0.0074,-0.7400000000000159,-100.0,1.0,0.0,0.0,1.0,4
0.0075,-0.7500000000000161,-100.0,1.0,0.0,0.0,1.0,4
0.0076,-0.7600000000000167,-100.0,1.0,0.0,0.0,1.0,4
0.0077,-0.7700000000000172,-100.0,1.0,0.0,0.0,1.0,4
0.0078,-0.7800000000000175,-100.0,1.0,0.0,0.0,1.0,4
0.0079,-0.7900000000000179,-100.0,1.0,0.0,0.0,1.0,4
0.008,-0.8000000000000181,-100.0,1.0,0.0,0.0,1.0,4
0.0081,-0.8100000000000184,-100.0,1.0,0.0,0.0,1.0,4
0.0082,-0.8200000000000188,-100.0,1.0,0.0,0.0,1.0,4
0.0083,-0.8300000000000191,-100.0,1.0,0.0,0.0,1.0,4
0.0084,-0.8400000000000193,-100.0,1.0,0.0,0.0,1.0,4
0.0085,-0.8500000000000197,-100.0,1.0,0.0,0.0,1.0,4
0.0086,-0.86000000000002,-100.0,1.0,0.0,0.0,1.0,4
0.0087,-0.8700000000000202,-100.0,1.0,0.0,0.0,1.0,4
0.0088,-0.8800000000000207,-100.0,1.0,0.0,0.0,1.0,4
0.0089,-0.8900000000000209,-100.0,1.0,0.0,0.0,1.0,4
0.009,-0.9000000000000211,-100.0,1.0,0.0,0.0,1.0,4
0.0091,-0.9100000000000216,-100.0,1.0,0.0,0.0,1.0,4
0.0092,-0.9200000000000218,-100.0,1.0,0.0,0.0,1.0,4
0.0093,-0.930000000000022,-100.0,1.0,0.0,0.0,1.0,4
0.0094,-0.9400000000000225,-100.0,1.0,0.0,0.0,1.0,4
0.0095,-0.9500000000000227,-100.0,1.0,0.0,0.0,1.0,4
0.0096,-0.960000000000023,-100.0,1.0,0.0,0.0,1.0,4
0.0097,-0.9700000000000234,-100.0,1.0,0.0,0.0,1.0,4
0.0098,-0.9800000000000236,-100.0,1.0,0.0,0.0,1.0,4
0.0099,-0.9900000000000241,-100.0,1.0,0.0,0.0,1.0,4
0.01,-1.0000000000000242,-100.0,1.0,0.0,0.0,1.0,4
0.0101,-1.0100000000000233,-100.0,1.0,0.0,0.0,1.0,4
0.0102,-1.0200000000000227,-100.0,1.0,0.0,0.0,1.0,4
0.0103,-1.0300000000000218,-100.0,1.0,0.0,0.0,1.0,4
0.0104,-1.040000000000021,-100.0,1.0,0.0,0.0,1.0,4
0.0105,-1.0500000000000203,-100.0,1.0,1.0,0.0,1.0,6
0.0106,-1.0600000000000194,-100.0,1.0,1.0,0.0,1.0,6
0.0107,-1.0700000000000185,-100.0,1.0,1.0,0.0,1.0,6
0.0108,-1.0800000000000178,-100.0,1.0,1.0,0.0,1.0,6
0.0109,-1.090000000000017,-100.0,1.0,1.0,0.0,1.0,6
0.011,-1.100000000000016,-100.0,1.0,1.0,0.0,1.0,6
0.0111,-1.1100000000000154,-100.0,1.0,1.0,0.0,1.0,6
0.0112,-1.1200000000000145,-100.0,1.0,1.0,0.0,1.0,6
0.0113,-1.1300000000000137,-100.0,1.0,1.0,0.0,1.0,6
0.0114,-1.140000000000013,-100.0,1.0,1.0,0.0,1.0,6
0.0115,-1.1500000000000121,-100.0,1.0,1.0,0.0,1.0,6
0.0116,-1.1600000000000112,-100.0,1.0,1.0,0.0,1.0,6
0.0117,-1.1700000000000106,-100.0,1.0,1.0,0.0,1.0,6
0.0118,-1.1800000000000097,-100.0,1.0,1.0,0.0,1.0,6
0.0119,-1.190000000000009,-100.0,1.0,1.0,0.0,1.0,6
0.012,-1.2000000000000082,-100.0,1.0,1.0,0.0,1.0,6
0.0121,-1.2100000000000073,-100.0,1.0,1.0,0.0,1.0,6
0.0122,-1.2200000000000066,-100.0,1.0,1.0,0.0,1.0,6
0.0123,-1.2300000000000058,-100.0,1.0,1.0,0.0,1.0,6
0.0124,-1.2400000000000049,-100.0,1.0,1.0,0.0,1.0,6
0.0125,-1.2500000000000042,-100.0,1.0,1.0,0.0,1.0,6
0.0126,-1.2600000000000033,-100.0,1.0,1.0,0.0,1.0,6
0.0127,-1.2700000000000025,-100.0,1.0,1.0,0.0,1.0,6
0.0128,-1.2800000000000018,-100.0,1.0,1.0,0.0,1.0,6
0.0129,-1.290000000000001,-100.0,1.0,1.0,0.0,1.0,6
0.013,-1.3,-100.0,1.0,1.0,0.0,1.0,6
0.0131,-1.3099999999999994,-100.0,1.0,1.0,0.0,1.0,6
0.0132,-1.3199999999999985,-100.0,1.0,1.0,0.0,1.0,6
0.0133,-1.3299999999999976,-100.0,1.0,1.0,0.0,1.0,6
0.0134,-1.339999999999997,-100.0,1.0,1.0,0.0,1.0,6
0.0135,-1.349999999999996,-100.0,1.0,1.0,0.0,1.0,6
0.0136,-1.3599999999999952,-100.0,1.0,1.0,0.0,1.0,6
0.0137,-1.3699999999999946,-100.0,1.0,1.0,0.0,1.0,6
0.0138,-1.3799999999999937,-100.0,1.0,1.0,0.0,1.0,6
0.0139,-1.3899999999999928,-100.0,1.0,1.0,0.0,1.0,6
0.014,-1.3999999999999921,-100.0,1.0,1.0,0.0,1.0,6
0.0141,-1.4099999999999913,-100.0,1.0,1.0,0.0,1.0,6
0.0142,-1.4199999999999906,-100.0,1.0,1.0,0.0,1.0,6
0.0143,-1.4299999999999897,-100.0,1.0,1.0,0.0,1.0,6
0.0144,-1.4399999999999888,-100.0,1.0,1.0,0.0,1.0,6
0.0145,-1.4499999999999882,-100.0,1.0,1.0,0.0,1.0,6
0.0146,-1.4599999999999873,-100.0,1.0,1.0,0.0,1.0,6
0.0147,-1.4699999999999864,-100.0,1.0,1.0,0.0,1.0,6
0.0148,-1.4799999999999858,-100.0,1.0,1.0,0.0,1.0,6
0.0149,-1.489999999999985,-100.0,1.0,1.0,0.0,1.0,6
0.015,-1.499999999999984,-100.0,1.0,1.0,0.0,1.0,6
0.0151,-1.5099999999999834,-100.0,1.0,1.0,0.0,1.0,6
0.0152,-1.5199999999999825,-100.0,1.0,1.0,0.0,1.0,6
0.0153,-1.5299999999999816,-100.0,1.0,1.0,0.0,1.0,6
0.0154,-1.539999999999981,-100.0,1.0,1.0,0.0,1.0,6
0.0155,-1.54999999999998,-100.0,1.0,1.0,0.0,1.0,6
0.0156,-1.5599999999999792,-100.0,1.0,1.0,0.0,1.0,6
0.0157,-1.5699999999999783,-100.0,1.0,1.0,0.0,1.0,6
0.0158,-1.5799999999999776,-100.0,1.0,1.0,0.0,1.0,6
0.0159,-1.5899999999999768,-100.0,1.0,1.0,0.0,1.0,6
0.016,-1.5999999999999759,-100.0,1.0,1.0,0.0,1.0,6
0.0161,-1.609999999999975,-100.0,1.0,1.0,0.0,1.0,6
0.0162,-1.6199999999999741,-100.0,1.0,1.0,0.0,1.0,6
0.0163,-1.6299999999999732,-100.0,1.0,1.0,0.0,1.0,6
0.0164,-1.6399999999999726,-100.0,1.0,1.0,0.0,1.0,6
0.0165,-1.6499999999999717,-100.0,1.0,1.0,0.0,1.0,6
0.0166,-1.6599999999999708,-100.0,1.0,1.0,0.0,1.0,6
0.0167,-1.66999999999997,-100.0,1.0,1.0,0.0,1.0,6
0.0168,-1.679999999999969,-100.0,1.0,1.0,0.0,1.0,6
0.0169,-1.6899999999999682,-100.0,1.0,1.0,0.0,1.0,6
0.017,-1.6999999999999675,-100.0,1.0,1.0,0.0,1.0,6
0.0171,-1.7099999999999667,-100.0,1.0,1.0,0.0,1.0,6
0.0172,-1.7199999999999658,-100.0,1.0,1.0,0.0,1.0,6
0.0173,-1.729999999999965,-100.0,1.0,1.0,0.0,1.0,6
0.0174,-1.739999999999964,-100.0,1.0,1.0,0.0,1.0,6
0.0175,-1.7499999999999634,-100.0,1.0,1.0,0.0,1.0,6
0.0176,-1.7599999999999625,-100.0,1.0,1.0,0.0,1.0,6
0.0177,-1.7699999999999616,-100.0,1.0,1.0,0.0,1.0,6
0.0178,-1.7799999999999607,-100.0,1.0,1.0,0.0,1.0,6
0.0179,-1.7899999999999598,-100.0,1.0,1.0,0.0,1.0,6
0.018,-1.799999999999959,-100.0,1.0,1.0,0.0,1.0,6
0.0181,-1.8099999999999583,-100.0,1.0,1.0,0.0,1.0,6
0.0182,-1.8199999999999574,-100.0,1.0,1.0,0.0,1.0,6
0.0183,-1.8299999999999566,-100.0,1.0,1.0,0.0,1.0,6
0.0184,-1.8399999999999557,-100.0,1.0,1.0,0.0,1.0,6
0.0185,-1.8499999999999548,-100.0,1.0,1.0,0.0,1.0,6
0.0186,-1.859999999999954,-100.0,1.0,1.0,0.0,1.0,6
0.0187,-1.8699999999999533,-100.0,1.0,1.0,0.0,1.0,6
0.0188,-1.8799999999999524,-100.0,1.0,1.0,0.0,1.0,6
0.0189,-1.8899999999999515,-100.0,1.0,1.0,0.0,1.0,6
0.019,-1.8999999999999506,-100.0,1.0,1.0,0.0,1.0,6
0.0191,-1.9099999999999497,-100.0,1.0,1.0,0.0,1.0,6
0.0192,-1.9199999999999489,-100.0,1.0,1.0,0.0,1.0,6
0.0193,-1.9299999999999482,-100.0,1.0,1.0,0.0,1.0,6
0.0194,-1.9399999999999473,-100.0,1.0,1.0,0.0,1.0,6
0.0195,-1.9499999999999464,-100.0,1.0,1.0,0.0,1.0,6
0.0196,-1.9599999999999456,-100.0,1.0,1.0,0.0,1.0,6
0.0197,-1.9699999999999447,-100.0,1.0,1.0,0.0,1.0,6
0.0198,-1.979999999999944,-100.0,1.0,1.0,0.0,1.0,6
0.0199,-1.9899999999999431,-100.0,1.0,1.0,0.0,1.0,6
0.02,-1.999999999999942,-100.0,1.0,1.0,0.0,1.0,6
0.0201,-2.0099999999999416,-100.0,1.0,1.0,0.0,1.0,6
0.0202,-2.019999999999941,-100.0,1.0,1.0,0.0,1.0,6
0.0203,-2.0299999999999403,-100.0,1.0,1.0,0.0,1.0,6
0.0204,-2.0399999999999396,-100.0,1.0,1.0,0.0,1.0,6
0.0205,-2.049999999999939,-100.0,1.0,1.0,0.0,1.0,6
0.0206,-2.0599999999999383,-100.0,1.0,1.0,0.0,1.0,6
0.0207,-2.0699999999999377,-100.0,1.0,1.0,0.0,1.0,6
0.0208,-2.079999999999937,-100.0,1.0,1.0,0.0,1.0,6
0.0209,-2.0899999999999364,-100.0,1.0,1.0,0.0,1.0,6
0.021,-2.0999999999999357,-100.0,0.0,1.0,0.0,1.0,2
0.0211,-2.109999999999935,-100.0,0.0,1.0,0.0,1.0,2
0.0212,-2.1199999999999344,-100.0,0.0,1.0,0.0,1.0,2
0.0213,-2.1299999999999337,-100.0,0.0,1.0,0.0,1.0,2
0.0214,-2.139999999999933,-100.0,0.0,1.0,0.0,1.0,2
0.0215,-2.1499999999999324,-100.0,0.0,1.0,0.0,1.0,2
0.0216,-2.1599999999999318,-100.0,0.0,1.0,0.0,1.0,2
0.0217,-2.169999999999931,-100.0,0.0,1.0,0.0,1.0,2
0.0218,-2.1799999999999304,-100.0,0.0,1.0,0.0,1.0,2
0.0219,-2.18999999999993,-100.0,0.0,1.0,0.0,1.0,2
0.022,-2.199999999999929,-100.0,0.0,1.0,0.0,1.0,2
0.0221,-2.2099999999999285,-100.0,0.0,1.0,0.0,1.0,2
0.0222,-2.219999999999928,-100.0,0.0,1.0,0.0,1.0,2
0.0223,-2.229999999999927,-100.0,0.0,1.0,0.0,1.0,2
0.0224,-2.2399999999999265,-100.0,0.0,1.0,0.0,1.0,2
0.0225,-2.249999999999926,-100.0,0.0,1.0,0.0,1.0,2
0.0226,-2.259999999999925,-100.0,0.0,1.0,0.0,1.0,2
0.0227,-2.2699999999999245,-100.0,0.0,1.0,0.0,1.0,2
0.0228,-2.279999999999924,-100.0,0.0,1.0,0.0,1.0,2
0.0229,-2.289999999999923,-100.0,0.0,1.0,0.0,1.0,2
0.023,-2.2999999999999226,-100.0,0.0,1.0,0.0,1.0,2
0.0231,-2.309999999999922,-100.0,0.0,1.0,0.0,1.0,2
0.0232,-2.3199999999999212,-100.0,0.0,1.0,0.0,1.0,2
0.0233,-2.3299999999999206,-100.0,0.0,1.0,0.0,1.0,2
0.0234,-2.33999999999992,-100.0,0.0,1.0,0.0,1.0,2
0.0235,-2.3499999999999193,-100.0,0.0,1.0,0.0,1.0,2
0.0236,-2.3599999999999186,-100.0,0.0,1.0,0.0,1.0,2
0.0237,-2.369999999999918,-100.0,0.0,1.0,0.0,1.0,2
0.0238,-2.3799999999999173,-100.0,0.0,1.0,0.0,1.0,2
0.0239,-2.3899999999999166,-100.0,0.0,1.0,0.0,1.0,2
0.024,-2.399999999999916,-100.0,0.0,1.0,0.0,1.0,2
0.0241,-2.4099999999999153,-100.0,0.0,1.0,0.0,1.0,2
0.0242,-2.4199999999999147,-100.0,0.0,1.0,0.0,1.0,2
0.0243,-2.429999999999914,-100.0,0.0,1.0,0.0,1.0,2
0.0244,-2.4399999999999133,-100.0,0.0,1.0,0.0,1.0,2
0.0245,-2.4499999999999127,-100.0,0.0,1.0,0.0,1.0,2
0.0246,-2.459999999999912,-100.0,0.0,1.0,0.0,1.0,2
0.0247,-2.4699999999999114,-100.0,0.0,1.0,0.0,1.0,2
0.0248,-2.4799999999999107,-100.0,0.0,1.0,0.0,1.0,2
0.0249,-2.48999999999991,-100.0,0.0,1.0,0.0,1.0,2
0.025,-2.4999999999999094,-100.0,0.0,1.0,0.0,1.0,2
0.0251,-2.5099999999999087,-100.0,0.0,1.0,0.0,1.0,2
0.0252,-2.519999999999908,-100.0,0.0,1.0,0.0,1.0,2
0.0253,-2.5299999999999074,-100.0,0.0,1.0,0.0,1.0,2
0.0254,-2.5399999999999068,-100.0,0.0,1.0,0.0,1.0,2
0.0255,-2.549999999999906,-100.0,0.0,1.0,0.0,1.0,2
0.0256,-2.5599999999999055,-100.0,0.0,1.0,0.0,1.0,2
0.0257,-2.569999999999905,-100.0,0.0,1.0,0.0,1.0,2
0.0258,-2.579999999999904,-100.0,0.0,1.0,0.0,1.0,2
0.0259,-2.5899999999999035,-100.0,0.0,1.0,0.0,1.0,2
0.026,-2.599999999999903,-100.0,0.0,1.0,0.0,1.0,2
0.0261,-2.609999999999902,-100.0,0.0,1.0,0.0,1.0,2
0.0262,-2.6199999999999015,-100.0,0.0,1.0,0.0,1.0,2
0.0263,-2.629999999999901,-100.0,0.0,1.0,0.0,1.0,2
0.0264,-2.6399999999999,-100.0,0.0,1.0,0.0,1.0,2
0.0265,-2.6499999999998995,-100.0,0.0,1.0,0.0,1.0,2
0.0266,-2.659999999999899,-100.0,0.0,1.0,0.0,1.0,2
0.0267,-2.6699999999998982,-100.0,0.0,1.0,0.0,1.0,2
0.0268,-2.6799999999998976,-100.0,0.0,1.0,0.0,1.0,2
0.0269,-2.689999999999897,-100.0,0.0,1.0,0.0,1.0,2
0.027,-2.6999999999998963,-100.0,0.0,1.0,0.0,1.0,2
0.0271,-2.7099999999998956,-100.0,0.0,1.0,0.0,1.0,2
0.0272,-2.719999999999895,-100.0,0.0,1.0,0.0,1.0,2
0.0273,-2.7299999999998943,-100.0,0.0,1.0,0.0,1.0,2
0.0274,-2.7399999999998936,-100.0,0.0,1.0,0.0,1.0,2
0.0275,-2.749999999999893,-100.0,0.0,1.0,0.0,1.0,2
0.0276,-2.7599999999998923,-100.0,0.0,1.0,0.0,1.0,2
0.0277,-2.7699999999998917,-100.0,0.0,1.0,0.0,1.0,2
0.0278,-2.779999999999891,-100.0,0.0,1.0,0.0,1.0,2
0.0279,-2.7899999999998903,-100.0,0.0,1.0,0.0,1.0,2
0.028,-2.7999999999998897,-100.0,0.0,1.0,0.0,1.0,2
0.0281,-2.809999999999889,-100.0,0.0,1.0,0.0,1.0,2
0.0282,-2.8199999999998884,-100.0,0.0,1.0,0.0,1.0,2
0.0283,-2.8299999999998877,-100.0,0.0,1.0,0.0,1.0,2
0.0284,-2.839999999999887,-100.0,0.0,1.0,0.0,1.0,2
0.0285,-2.8499999999998864,-100.0,0.0,1.0,0.0,1.0,2
0.0286,-2.8599999999998857,-100.0,0.0,1.0,0.0,1.0,2
0.0287,-2.869999999999885,-100.0,0.0,1.0,0.0,1.0,2
0.0288,-2.8799999999998844,-100.0,0.0,1.0,0.0,1.0,2
0.0289,-2.8899999999998838,-100.0,0.0,1.0,0.0,1.0,2
0.029,-2.899999999999883,-100.0,0.0,1.0,0.0,1.0,2
0.0291,-2.9099999999998825,-100.0,0.0,1.0,0.0,1.0,2
0.0292,-2.919999999999882,-100.0,0.0,1.0,0.0,1.0,2
0.0293,-2.929999999999881,-100.0,0.0,1.0,0.0,1.0,2
0.0294,-2.9399999999998805,-100.0,0.0,1.0,0.0,1.0,2
0.0295,-2.94999999999988,-100.0,0.0,1.0,0.0,1.0,2
0.0296,-2.959999999999879,-100.0,0.0,1.0,0.0,1.0,2
0.0297,-2.9699999999998785,-100.0,0.0,1.0,0.0,1.0,2
0.0298,-2.979999999999878,-100.0,0.0,1.0,0.0,1.0,2
0.0299,-2.989999999999877,-100.0,0.0,1.0,0.0,1.0,2
0.03,-2.9999999999998765,-100.0,0.0,1.0,0.0,1.0,2
0.0301,-3.009999999999876,-100.0,0.0,1.0,0.0,1.0,2
0.0302,-3.0199999999998752,-100.0,0.0,1.0,0.0,1.0,2
0.0303,-3.0299999999998746,-100.0,0.0,1.0,0.0,1.0,2
0.0304,-3.039999999999874,-100.0,0.0,1.0,0.0,1.0,2
0.0305,-3.0499999999998733,-100.0,0.0,1.0,0.0,1.0,2
0.0306,-3.0599999999998726,-100.0,0.0,1.0,0.0,1.0,2
0.0307,-3.069999999999872,-100.0,0.0,1.0,0.0,1.0,2
0.0308,-3.0799999999998713,-100.0,0.0,1.0,0.0,1.0,2
0.0309,-3.0899999999998706,-100.0,0.0,1.0,0.0,1.0,2
0.031,-3.09999999999987,-100.0,0.0,1.0,0.0,1.0,2
0.0311,-3.1099999999998693,-100.0,0.0,1.0,0.0,1.0,2
0.0312,-3.1199999999998687,-100.0,0.0,1.0,0.0,1.0,2
0.0313,-3.129999999999867,-100.0,0.0,1.0,0.0,1.0,2
0.0314,-3.139999999999863,-100.0,0.0,1.0,0.0,1.0,2
0.0315,3.1331853071797267,-100.0,0.0,1.0,1.0,1.0,3
0.0316,3.12318530717973,-100.0,0.0,1.0,1.0,1.0,3
0.0317,3.113185307179734,-100.0,0.0,1.0,1.0,1.0,3
0.0318,3.1031853071797375,-100.0,0.0,1.0,1.0,1.0,3
0.0319,3.0931853071797417,-100.0,0.0,1.0,1.0,1.0,3
0.032,3.083185307179745,-100.0,0.0,1.0,1.0,1.0,3
0.0321,3.0731853071797492,-100.0,0.0,1.0,1.0,1.0,3
0.0322,3.0631853071797526,-100.0,0.0,1.0,1.0,1.0,3
0.0323,3.053185307179756,-100.0,0.0,1.0,1.0,1.0,3
0.0324,3.04318530717976,-100.0,0.0,1.0,1.0,1.0,3
0.0325,3.0331853071797634,-100.0,0.0,1.0,1.0,1.0,3
0.0326,3.0231853071797676,-100.0,0.0,1.0,1.0,1.0,3
0.0327,3.013185307179771,-100.0,0.0,1.0,1.0,1.0,3
0.0328,3.0031853071797743,-100.0,0.0,1.0,1.0,1.0,3
0.0329,2.9931853071797785,-100.0,0.0,1.0,1.0,1.0,3
0.033,2.983185307179782,-100.0,0.0,1.0,1.0,1.0,3
0.0331,2.973185307179786,-100.0,0.0,1.0,1.0,1.0,3
0.0332,2.9631853071797893,-100.0,0.0,1.0,1.0,1.0,3
0.0333,2.9531853071797927,-100.0,0.0,1.0,1.0,1.0,3
0.0334,2.943185307179797,-100.0,0.0,1.0,1.0,1.0,3
0.0335,2.9331853071798,-100.0,0.0,1.0,1.0,1.0,3
0.0336,2.9231853071798044,-100.0,0.0,1.0,1.0,1.0,3
0.0337,2.9131853071798077,-100.0,0.0,1.0,1.0,1.0,3
0.0338,2.903185307179812,-100.0,0.0,1.0,1.0,1.0,3
0.0339,2.8931853071798153,-100.0,0.0,1.0,1.0,1.0,3
0.034,2.8831853071798186,-100.0,0.0,1.0,1.0,1.0,3
0.0341,2.873185307179823,-100.0,0.0,1.0,1.0,1.0,3
0.0342,2.863185307179826,-100.0,0.0,1.0,1.0,1.0,3
0.0343,2.8531853071798303,-100.0,0.0,1.0,1.0,1.0,3
0.0344,2.8431853071798336,-100.0,0.0,1.0,1.0,1.0,3
0.0345,2.833185307179837,-100.0,0.0,1.0,1.0,1.0,3
0.0346,2.823185307179841,-100.0,0.0,1.0,1.0,1.0,3
0.0347,2.8131853071798445,-100.0,0.0,1.0,1.0,1.0,3
0.0348,2.8031853071798487,-100.0,0.0,1.0,1.0,1.0,3
0.0349,2.793185307179852,-100.0,0.0,1.0,1.0,1.0,3
0.035,2.7831853071798554,-100.0,0.0,1.0,1.0,1.0,3
0.0351,2.7731853071798596,-100.0,0.0,1.0,1.0,1.0,3
0.0352,2.763185307179863,-100.0,0.0,1.0,1.0,1.0,3
0.0353,2.753185307179867,-100.0,0.0,1.0,1.0,1.0,3
0.0354,2.7431853071798704,-100.0,0.0,1.0,1.0,1.0,3
0.0355,2.7331853071798746,-100.0,0.0,1.0,1.0,1.0,3
0.0356,2.723185307179878,-100.0,0.0,1.0,1.0,1.0,3
0.0357,2.7131853071798813,-100.0,0.0,1.0,1.0,1.0,3
0.0358,2.7031853071798855,-100.0,0.0,1.0,1.0,1.0,3
0.0359,2.693185307179889,-100.0,0.0,1.0,1.0,1.0,3
0.036,2.683185307179893,-100.0,0.0,1.0,1.0,1.0,3
0.0361,2.6731853071798963,-100.0,0.0,1.0,1.0,1.0,3
0.0362,2.6631853071798997,-100.0,0.0,1.0,1.0,1.0,3
0.0363,2.653185307179904,-100.0,0.0,1.0,1.0,1.0,3
0.0364,2.643185307179907,-100.0,0.0,1.0,1.0,1.0,3
0.0365,2.6331853071799114,-100.0,0.0,1.0,1.0,1.0,3
0.0366,2.6231853071799147,-100.0,0.0,1.0,1.0,1.0,3
0.0367,2.613185307179918,-100.0,0.0,1.0,1.0,1.0,3
0.0368,2.6031853071799222,-100.0,0.0,1.0,1.0,1.0,3
0.0369,2.5931853071799256,-100.0,0.0,1.0,1.0,1.0,3
0.037,2.58318530717993,-100.0,0.0,1.0,1.0,1.0,3
0.0371,2.573185307179933,-100.0,0.0,1.0,1.0,1.0,3
0.0372,2.5631853071799373,-100.0,0.0,1.0,1.0,1.0,3
0.0373,2.5531853071799406,-100.0,0.0,1.0,1.0,1.0,3
0.0374,2.543185307179944,-100.0,0.0,1.0,1.0,1.0,3
0.0375,2.533185307179948,-100.0,0.0,1.0,1.0,1.0,3
0.0376,2.5231853071799515,-100.0,0.0,1.0,1.0,1.0,3
0.0377,2.5131853071799557,-100.0,0.0,1.0,1.0,1.0,3
0.0378,2.503185307179959,-100.0,0.0,1.0,1.0,1.0,3
0.0379,2.4931853071799623,-100.0,0.0,1.0,1.0,1.0,3
0.038,2.4831853071799665,-100.0,0.0,1.0,1.0,1.0,3
0.0381,2.47318530717997,-100.0,0.0,1.0,1.0,1.0,3
0.0382,2.463185307179974,-100.0,0.0,1.0,1.0,1.0,3
0.0383,2.4531853071799774,-100.0,0.0,1.0,1.0,1.0,3
0.0384,2.4431853071799816,-100.0,0.0,1.0,1.0,1.0,3
0.0385,2.433185307179985,-100.0,0.0,1.0,1.0,1.0,3
0.0386,2.4231853071799883,-100.0,0.0,1.0,1.0,1.0,3
0.0387,2.4131853071799925,-100.0,0.0,1.0,1.0,1.0,3
0.0388,2.403185307179996,-100.0,0.0,1.0,1.0,1.0,3
0.0389,2.39318530718,-100.0,0.0,1.0,1.0,1.0,3
0.039,2.3831853071800033,-100.0,0.0,1.0,1.0,1.0,3
0.0391,2.3731853071800066,-100.0,0.0,1.0,1.0,1.0,3
0.0392,2.363185307180011,-100.0,0.0,1.0,1.0,1.0,3
0.0393,2.353185307180014,-100.0,0.0,1.0,1.0,1.0,3
0.0394,2.3431853071800184,-100.0,0.0,1.0,1.0,1.0,3
0.0395,2.3331853071800217,-100.0,0.0,1.0,1.0,1.0,3
0.0396,2.323185307180025,-100.0,0.0,1.0,1.0,1.0,3
0.0397,2.3131853071800292,-100.0,0.0,1.0,1.0,1.0,3
0.0398,2.3031853071800326,-100.0,0.0,1.0,1.0,1.0,3
0.0399,2.2931853071800368,-100.0,0.0,1.0,1.0,1.0,3
0.04,2.28318530718004,-100.0,0.0,1.0,1.0,1.0,3
0.0401,2.2731853071800443,-100.0,0.0,1.0,1.0,1.0,3
0.0402,2.2631853071800476,-100.0,0.0,1.0,1.0,1.0,3
0.0403,2.253185307180051,-100.0,0.0,1.0,1.0,1.0,3
0.0404,2.243185307180055,-100.0,0.0,1.0,1.0,1.0,3
0.0405,2.2331853071800585,-100.0,0.0,1.0,1.0,1.0,3
0.0406,2.2231853071800627,-100.0,0.0,1.0,1.0,1.0,3
0.0407,2.213185307180066,-100.0,0.0,1.0,1.0,1.0,3
0.0408,2.2031853071800693,-100.0,0.0,1.0,1.0,1.0,3
0.0409,2.1931853071800735,-100.0,0.0,1.0,1.0,1.0,3
0.041,2.183185307180077,-100.0,0.0,1.0,1.0,1.0,3
0.0411,2.173185307180081,-100.0,0.0,1.0,1.0,1.0,3
0.0412,2.1631853071800844,-100.0,0.0,1.0,1.0,1.0,3
0.0413,2.1531853071800877,-100.0,0.0,1.0,1.0,1.0,3
0.0414,2.143185307180092,-100.0,0.0,1.0,1.0,1.0,3
0.0415,2.1331853071800952,-100.0,0.0,1.0,1.0,1.0,3
0.0416,2.1231853071800995,-100.0,0.0,1.0,1.0,1.0,3
0.0417,2.113185307180103,-100.0,0.0,1.0,1.0,1.0,3
0.0418,2.103185307180107,-100.0,0.0,1.0,1.0,1.0,3
0.0419,2.0931853071801103,-100.0,0.0,0.0,1.0,1.0,1
0.042,2.0831853071801136,-100.0,0.0,0.0,1.0,1.0,1
0.0421,2.073185307180118,-100.0,0.0,0.0,1.0,1.0,1
0.0422,2.063185307180121,-100.0,0.0,0.0,1.0,1.0,1
0.0423,2.0531853071801254,-100.0,0.0,0.0,1.0,1.0,1
0.0424,2.0431853071801287,-100.0,0.0,0.0,1.0,1.0,1
0.0425,2.033185307180132,-100.0,0.0,0.0,1.0,1.0,1
0.0426,2.0231853071801362,-100.0,0.0,0.0,1.0,1.0,1
0.0427,2.0131853071801395,-100.0,0.0,0.0,1.0,1.0,1
0.0428,2.0031853071801438,-100.0,0.0,0.0,1.0,1.0,1
0.0429,1.9931853071801475,-100.0,0.0,0.0,1.0,1.0,1
0.043,1.9831853071801517,-100.0,0.0,0.0,1.0,1.0,1
0.0431,1.9731853071801555,-100.0,0.0,0.0,1.0,1.0,1
0.0432,1.9631853071801593,-100.0,0.0,0.0,1.0,1.0,1
0.0433,1.9531853071801635,-100.0,0.0,0.0,1.0,1.0,1
0.0434,1.9431853071801672,-100.0,0.0,0.0,1.0,1.0,1
0.0435,1.9331853071801715,-100.0,0.0,0.0,1.0,1.0,1
0.0436,1.9231853071801752,-100.0,0.0,0.0,1.0,1.0,1
0.0437,1.913185307180179,-100.0,0.0,0.0,1.0,1.0,1
0.0438,1.9031853071801832,-100.0,0.0,0.0,1.0,1.0,1
0.0439,1.893185307180187,-100.0,0.0,0.0,1.0,1.0,1
0.044,1.8831853071801912,-100.0,0.0,0.0,1.0,1.0,1
0.0441,1.873185307180195,-100.0,0.0,0.0,1.0,1.0,1
0.0442,1.8631853071801987,-100.0,0.0,0.0,1.0,1.0,1
0.0443,1.853185307180203,-100.0,0.0,0.0,1.0,1.0,1
0.0444,1.8431853071802067,-100.0,0.0,0.0,1.0,1.0,1
0.0445,1.8331853071802109,-100.0,0.0,0.0,1.0,1.0,1
0.0446,1.8231853071802147,-100.0,0.0,0.0,1.0,1.0,1
0.0447,1.8131853071802189,-100.0,0.0,0.0,1.0,1.0,1
0.0448,1.8031853071802226,-100.0,0.0,0.0,1.0,1.0,1
0.0449,1.7931853071802264,-100.0,0.0,0.0,1.0,1.0,1
0.045,1.7831853071802306,-100.0,0.0,0.0,1.0,1.0,1
0.0451,1.7731853071802344,-100.0,0.0,0.0,1.0,1.0,1
0.0452,1.7631853071802386,-100.0,0.0,0.0,1.0,1.0,1
0.0453,1.7531853071802423,-100.0,0.0,0.0,1.0,1.0,1
0.0454,1.7431853071802461,-100.0,0.0,0.0,1.0,1.0,1
0.0455,1.7331853071802503,-100.0,0.0,0.0,1.0,1.0,1
0.0456,1.723185307180254,-100.0,0.0,0.0,1.0,1.0,1
0.0457,1.7131853071802583,-100.0,0.0,0.0,1.0,1.0,1
0.0458,1.703185307180262,-100.0,0.0,0.0,1.0,1.0,1
0.0459,1.6931853071802658,-100.0,0.0,0.0,1.0,1.0,1
0.046,1.68318530718027,-100.0,0.0,0.0,1.0,1.0,1
0.0461,1.6731853071802738,-100.0,0.0,0.0,1.0,1.0,1
0.0462,1.663185307180278,-100.0,0.0,0.0,1.0,1.0,1
0.0463,1.6531853071802818,-100.0,0.0,0.0,1.0,1.0,1
0.0464,1.643185307180286,-100.0,0.0,0.0,1.0,1.0,1
0.0465,1.6331853071802898,-100.0,0.0,0.0,1.0,1.0,1
0.0466,1.6231853071802935,-100.0,0.0,0.0,1.0,1.0,1
0.0467,1.6131853071802977,-100.0,0.0,0.0,1.0,1.0,1
0.0468,1.6031853071803015,-100.0,0.0,0.0,1.0,1.0,1
0.0469,1.5931853071803057,-100.0,0.0,0.0,1.0,1.0,1
0.047,1.5831853071803095,-100.0,0.0,0.0,1.0,1.0,1
0.0471,1.5731853071803132,-100.0,0.0,0.0,1.0,1.0,1
0.0472,1.5631853071803175,-100.0,0.0,0.0,1.0,1.0,1
0.0473,1.5531853071803212,-100.0,0.0,0.0,1.0,1.0,1
0.0474,1.5431853071803254,-100.0,0.0,0.0,1.0,1.0,1
0.0475,1.5331853071803292,-100.0,0.0,0.0,1.0,1.0,1
0.0476,1.523185307180333,-100.0,0.0,0.0,1.0,1.0,1
0.0477,1.5131853071803372,-100.0,0.0,0.0,1.0,1.0,1
0.0478,1.503185307180341,-100.0,0.0,0.0,1.0,1.0,1
0.0479,1.4931853071803451,-100.0,0.0,0.0,1.0,1.0,1
0.048,1.483185307180349,-100.0,0.0,0.0,1.0,1.0,1
0.0481,1.4731853071803531,-100.0,0.0,0.0,1.0,1.0,1
0.0482,1.4631853071803569,-100.0,0.0,0.0,1.0,1.0,1
0.0483,1.4531853071803607,-100.0,0.0,0.0,1.0,1.0,1
0.0484,1.4431853071803649,-100.0,0.0,0.0,1.0,1.0,1
0.0485,1.4331853071803686,-100.0,0.0,0.0,1.0,1.0,1
0.0486,1.4231853071803728,-100.0,0.0,0.0,1.0,1.0,1
0.0487,1.4131853071803766,-100.0,0.0,0.0,1.0,1.0,1
0.0488,1.4031853071803804,-100.0,0.0,0.0,1.0,1.0,1
0.0489,1.3931853071803846,-100.0,0.0,0.0,1.0,1.0,1
0.049,1.3831853071803883,-100.0,0.0,0.0,1.0,1.0,1
0.0491,1.3731853071803926,-100.0,0.0,0.0,1.0,1.0,1
0.0492,1.3631853071803963,-100.0,0.0,0.0,1.0,1.0,1
0.0493,1.3531853071804005,-100.0,0.0,0.0,1.0,1.0,1
0.0494,1.3431853071804043,-100.0,0.0,0.0,1.0,1.0,1
0.0495,1.333185307180408,-100.0,0.0,0.0,1.0,1.0,1
0.0496,1.3231853071804123,-100.0,0.0,0.0,1.0,1.0,1
0.0497,1.313185307180416,-100.0,0.0,0.0,1.0,1.0,1
0.0498,1.3031853071804202,-100.0,0.0,0.0,1.0,1.0,1
0.0499,1.293185307180424,-100.0,0.0,0.0,1.0,1.0,1
0.05,1.2831853071804278,-100.0,0.0,0.0,1.0,1.0,1
0.0501,1.273185307180432,-100.0,0.0,0.0,1.0,1.0,1
0.0502,1.2631853071804358,-100.0,0.0,0.0,1.0,1.0,1
0.0503,1.25318530718044,-100.0,0.0,0.0,1.0,1.0,1
0.0504,1.2431853071804437,-100.0,0.0,0.0,1.0,1.0,1
0.0505,1.2331853071804475,-100.0,0.0,0.0,1.0,1.0,1
0.0506,1.2231853071804517,-100.0,0.0,0.0,1.0,1.0,1
0.0507,1.2131853071804555,-100.0,0.0,0.0,1.0,1.0,1
0.0508,1.2031853071804597,-100.0,0.0,0.0,1.0,1.0,1
0.0509,1.1931853071804635,-100.0,0.0,0.0,1.0,1.0,1
0.051,1.1831853071804677,-100.0,0.0,0.0,1.0,1.0,1
0.0511,1.1731853071804714,-100.0,0.0,0.0,1.0,1.0,1
0.0512,1.1631853071804752,-100.0,0.0,0.0,1.0,1.0,1
0.0513,1.1531853071804794,-100.0,0.0,0.0,1.0,1.0,1
0.0514,1.1431853071804832,-100.0,0.0,0.0,1.0,1.0,1
0.0515,1.1331853071804874,-100.0,0.0,0.0,1.0,1.0,1
0.0516,1.1231853071804911,-100.0,0.0,0.0,1.0,1.0,1
0.0517,1.113185307180495,-100.0,0.0,0.0,1.0,1.0,1
0.0518,1.1031853071804991,-100.0,0.0,0.0,1.0,1.0,1
0.0519,1.0931853071805029,-100.0,0.0,0.0,1.0,1.0,1
0.052,1.083185307180507,-100.0,0.0,0.0,1.0,1.0,1
0.0521,1.0731853071805109,-100.0,0.0,0.0,1.0,1.0,1
0.0522,1.0631853071805146,-100.0,0.0,0.0,1.0,1.0,1
0.0523,1.0531853071805188,-100.0,0.0,0.0,1.0,1.0,1
0.0524,1.0431853071805226,-100.0,1.0,0.0,1.0,1.0,5
0.0525,1.0331853071805268,-100.0,1.0,0.0,1.0,1.0,5
0.0526,1.0231853071805306,-100.0,1.0,0.0,1.0,1.0,5
0.0527,1.0131853071805348,-100.0,1.0,0.0,1.0,1.0,5
0.0528,1.0031853071805386,-100.0,1.0,0.0,1.0,1.0,5
0.0529,0.9931853071805417,-100.0,1.0,0.0,1.0,1.0,5
0.053,0.9831853071805448,-100.0,1.0,0.0,1.0,1.0,5
0.0531,0.9731853071805472,-100.0,1.0,0.0,1.0,1.0,5
0.0532,0.9631853071805503,-100.0,1.0,0.0,1.0,1.0,5
0.0533,0.9531853071805527,-100.0,1.0,0.0,1.0,1.0,5
0.0534,0.9431853071805552,-100.0,1.0,0.0,1.0,1.0,5
0.0535,0.9331853071805583,-100.0,1.0,0.0,1.0,1.0,5
0.0536,0.9231853071805607,-100.0,1.0,0.0,1.0,1.0,5
0.0537,0.9131853071805638,-100.0,1.0,0.0,1.0,1.0,5
0.0538,0.9031853071805662,-100.0,1.0,0.0,1.0,1.0,5
0.0539,0.8931853071805687,-100.0,1.0,0.0,1.0,1.0,5
0.054,0.8831853071805718,-100.0,1.0,0.0,1.0,1.0,5
0.0541,0.8731853071805742,-100.0,1.0,0.0,1.0,1.0,5
0.0542,0.8631853071805773,-100.0,1.0,0.0,1.0,1.0,5
0.0543,0.8531853071805797,-100.0,1.0,0.0,1.0,1.0,5
0.0544,0.8431853071805828,-100.0,1.0,0.0,1.0,1.0,5
0.0545,0.8331853071805853,-100.0,1.0,0.0,1.0,1.0,5
0.0546,0.8231853071805877,-100.0,1.0,0.0,1.0,1.0,5
0.0547,0.8131853071805908,-100.0,1.0,0.0,1.0,1.0,5
0.0548,0.8031853071805932,-100.0,1.0,0.0,1.0,1.0,5
0.0549,0.7931853071805963,-100.0,1.0,0.0,1.0,1.0,5
0.055,0.7831853071805988,-100.0,1.0,0.0,1.0,1.0,5
0.0551,0.7731853071806012,-100.0,1.0,0.0,1.0,1.0,5
0.0552,0.7631853071806043,-100.0,1.0,0.0,1.0,1.0,5
0.0553,0.7531853071806067,-100.0,1.0,0.0,1.0,1.0,5
0.0554,0.7431853071806098,-100.0,1.0,0.0,1.0,1.0,5
0.0555,0.7331853071806123,-100.0,1.0,0.0,1.0,1.0,5
0.0556,0.7231853071806154,-100.0,1.0,0.0,1.0,1.0,5
0.0557,0.7131853071806178,-100.0,1.0,0.0,1.0,1.0,5
0.0558,0.7031853071806202,-100.0,1.0,0.0,1.0,1.0,5
0.0559,0.6931853071806233,-100.0,1.0,0.0,1.0,1.0,5
0.056,0.6831853071806258,-100.0,1.0,0.0,1.0,1.0,5
0.0561,0.6731853071806289,-100.0,1.0,0.0,1.0,1.0,5
0.0562,0.6631853071806313,-100.0,1.0,0.0,1.0,1.0,5
0.0563,0.6531853071806337,-100.0,1.0,0.0,1.0,1.0,5
0.0564,0.6431853071806368,-100.0,1.0,0.0,1.0,1.0,5
0.0565,0.6331853071806393,-100.0,1.0,0.0,1.0,1.0,5
0.0566,0.6231853071806424,-100.0,1.0,0.0,1.0,1.0,5
0.0567,0.6131853071806448,-100.0,1.0,0.0,1.0,1.0,5
0.0568,0.6031853071806472,-100.0,1.0,0.0,1.0,1.0,5
0.0569,0.5931853071806503,-100.0,1.0,0.0,1.0,1.0,5
0.057,0.5831853071806528,-100.0,1.0,0.0,1.0,1.0,5
0.0571,0.5731853071806559,-100.0,1.0,0.0,1.0,1.0,5
0.0572,0.5631853071806583,-100.0,1.0,0.0,1.0,1.0,5
0.0573,0.5531853071806614,-100.0,1.0,0.0,1.0,1.0,5
0.0574,0.5431853071806638,-100.0,1.0,0.0,1.0,1.0,5
0.0575,0.5331853071806663,-100.0,1.0,0.0,1.0,1.0,5
0.0576,0.5231853071806694,-100.0,1.0,0.0,1.0,1.0,5
0.0577,0.5131853071806718,-100.0,1.0,0.0,1.0,1.0,5
0.0578,0.5031853071806749,-100.0,1.0,0.0,1.0,1.0,5
0.0579,0.49318530718067727,-100.0,1.0,0.0,1.0,1.0,5
0.058,0.4831853071806797,-100.0,1.0,0.0,1.0,1.0,5
0.0581,0.47318530718068286,-100.0,1.0,0.0,1.0,1.0,5
0.0582,0.4631853071806853,-100.0,1.0,0.0,1.0,1.0,5
0.0583,0.45318530718068845,-100.0,1.0,0.0,1.0,1.0,5
0.0584,0.4431853071806909,-100.0,1.0,0.0,1.0,1.0,5
0.0585,0.4331853071806933,-100.0,1.0,0.0,1.0,1.0,5
0.0586,0.42318530718069647,-100.0,1.0,0.0,1.0,1.0,5
0.0587,0.4131853071806989,-100.0,1.0,0.0,1.0,1.0,5
0.0588,0.40318530718070206,-100.0,1.0,0.0,1.0,1.0,5
0.0589,0.3931853071807045,-100.0,1.0,0.0,1.0,1.0,5
0.059,0.38318530718070765,-100.0,1.0,0.0,1.0,1.0,5
0.0591,0.3731853071807101,-100.0,1.0,0.0,1.0,1.0,5
0.0592,0.3631853071807125,-100.0,1.0,0.0,1.0,1.0,5
0.0593,0.35318530718071567,-100.0,1.0,0.0,1.0,1.0,5
0.0594,0.3431853071807181,-100.0,1.0,0.0,1.0,1.0,5
0.0595,0.33318530718072126,-100.0,1.0,0.0,1.0,1.0,5
0.0596,0.3231853071807237,-100.0,1.0,0.0,1.0,1.0,5
0.0597,0.3131853071807261,-100.0,1.0,0.0,1.0,1.0,5
0.0598,0.3031853071807293,-100.0,1.0,0.0,1.0,1.0,5
0.0599,0.2931853071807317,-100.0,1.0,0.0,1.0,1.0,5
0.06,0.28318530718073487,-100.0,1.0,0.0,1.0,1.0,5
0.0601,0.2731853071807373,-100.0,1.0,0.0,1.0,1.0,5
0.0602,0.26318530718074046,-100.0,1.0,0.0,1.0,1.0,5
0.0603,0.2531853071807429,-100.0,1.0,0.0,1.0,1.0,5
0.0604,0.24318530718074538,-100.0,1.0,0.0,1.0,1.0,5
0.0605,0.23318530718074854,-100.0,1.0,0.0,1.0,1.0,5
0.0606,0.223185307180751,-100.0,1.0,0.0,1.0,1.0,5
0.0607,0.21318530718075415,-100.0,1.0,0.0,1.0,1.0,5
0.0608,0.2031853071807566,-100.0,1.0,0.0,1.0,1.0,5
0.0609,0.19318530718075907,-100.0,1.0,0.0,1.0,1.0,5
0.061,0.18318530718076223,-100.0,1.0,0.0,1.0,1.0,5
0.0611,0.1731853071807647,-100.0,1.0,0.0,1.0,1.0,5
0.0612,0.16318530718076785,-100.0,1.0,0.0,1.0,1.0,5
0.0613,0.1531853071807703,-100.0,1.0,0.0,1.0,1.0,5
0.0614,0.14318530718077277,-100.0,1.0,0.0,1.0,1.0,5
0.0615,0.13318530718077592,-100.0,1.0,0.0,1.0,1.0,5
0.0616,0.12318530718077839,-100.0,1.0,0.0,1.0,1.0,5
0.0617,0.11318530718078154,-100.0,1.0,0.0,1.0,1.0,5
0.0618,0.103185307180784,-100.0,1.0,0.0,1.0,1.0,5
0.0619,0.09318530718078716,-100.0,1.0,0.0,1.0,1.0,5
0.062,0.08318530718078962,-100.0,1.0,0.0,1.0,1.0,5
0.0621,0.07318530718079208,-100.0,1.0,0.0,1.0,1.0,5
0.0622,0.06318530718079524,-100.0,1.0,0.0,1.0,1.0,5
0.0623,0.0531853071807977,-100.0,1.0,0.0,1.0,1.0,5
0.0624,0.04318530718080085,-100.0,1.0,0.0,1.0,1.0,5
0.0625,0.03318530718080331,-100.0,1.0,0.0,1.0,1.0,5
0.0626,0.023185307180799135,-100.0,1.0,0.0,1.0,1.0,5
0.0627,0.013185307180794963,-100.0,1.0,0.0,1.0,1.0,5
0.0628,0.003185307180792179,-100.0,1.0,0.0,1.0,1.0,5
0.0629,-0.006814692819211986,-100.0,1.0,0.0,0.0,1.0,4
0.063,-0.016814692819216152,-100.0,1.0,0.0,0.0,1.0,4
0.0631,-0.02681469281922032,-100.0,1.0,0.0,0.0,1.0,4
0.0632,-0.036814692819224504,-100.0,1.0,0.0,0.0,1.0,4
0.0633,-0.04681469281922728,-100.0,1.0,0.0,0.0,1.0,4
0.0634,-0.05681469281923147,-100.0,1.0,0.0,0.0,1.0,4
0.0635,-0.06681469281923563,-100.0,1.0,0.0,0.0,1.0,4
0.0636,-0.07681469281923979,-100.0,1.0,0.0,0.0,1.0,4
0.0637,-0.08681469281924395,-100.0,1.0,0.0,0.0,1.0,4
0.0638,-0.09681469281924673,-100.0,1.0,0.0,0.0,1.0,4
0.0639,-0.10681469281925089,-100.0,1.0,0.0,0.0,1.0,4
0.064,-0.11681469281925505,-100.0,1.0,0.0,0.0,1.0,4
0.0641,-0.12681469281925925,-100.0,1.0,0.0,0.0,1.0,4
0.0642,-0.13681469281926203,-100.0,1.0,0.0,0.0,1.0,4
0.0643,-0.14681469281926623,-100.0,1.0,0.0,0.0,1.0,4
0.0644,-0.15681469281927043,-100.0,1.0,0.0,0.0,1.0,4
0.0645,-0.16681469281927463,-100.0,1.0,0.0,0.0,1.0,4
0.0646,-0.17681469281927883,-100.0,1.0,0.0,0.0,1.0,4
0.0647,-0.18681469281928162,-100.0,1.0,0.0,0.0,1.0,4
0.0648,-0.19681469281928582,-100.0,1.0,0.0,0.0,1.0,4
0.0649,-0.20681469281929002,-100.0,1.0,0.0,0.0,1.0,4
0.065,-0.21681469281929422,-100.0,1.0,0.0,0.0,1.0,4
0.0651,-0.22681469281929842,-100.0,1.0,0.0,0.0,1.0,4
0.0652,-0.2368146928193012,-100.0,1.0,0.0,0.0,1.0,4
0.0653,-0.2468146928193054,-100.0,1.0,0.0,0.0,1.0,4
0.0654,-0.25681469281930963,-100.0,1.0,0.0,0.0,1.0,4
0.0655,-0.26681469281931386,-100.0,1.0,0.0,0.0,1.0,4
0.0656,-0.2768146928193181,-100.0,1.0,0.0,0.0,1.0,4
0.0657,-0.2868146928193209,-100.0,1.0,0.0,0.0,1.0,4
0.0658,-0.29681469281932515,-100.0,1.0,0.0,0.0,1.0,4
0.0659,-0.3068146928193294,-100.0,1.0,0.0,0.0,1.0,4
0.066,-0.3168146928193336,-100.0,1.0,0.0,0.0,1.0,4
0.0661,-0.32681469281933784,-100.0,1.0,0.0,0.0,1.0,4
0.0662,-0.3368146928193407,-100.0,1.0,0.0,0.0,1.0,4
0.0663,-0.3468146928193449,-100.0,1.0,0.0,0.0,1.0,4
0.0664,-0.35681469281934913,-100.0,1.0,0.0,0.0,1.0,4
0.0665,-0.36681469281935336,-100.0,1.0,0.0,0.0,1.0,4
0.0666,-0.3768146928193576,-100.0,1.0,0.0,0.0,1.0,4
0.0667,-0.38681469281936043,-100.0,1.0,0.0,0.0,1.0,4
0.0668,-0.39681469281936466,-100.0,1.0,0.0,0.0,1.0,4
0.0669,-0.4068146928193689,-100.0,1.0,0.0,0.0,1.0,4
0.067,-0.4168146928193731,-100.0,1.0,0.0,0.0,1.0,4
0.0671,-0.42681469281937734,-100.0,1.0,0.0,0.0,1.0,4
0.0672,-0.4368146928193802,-100.0,1.0,0.0,0.0,1.0,4
0.0673,-0.4468146928193844,-100.0,1.0,0.0,0.0,1.0,4
0.0674,-0.45681469281938863,-100.0,1.0,0.0,0.0,1.0,4
0.0675,-0.46681469281939286,-100.0,1.0,0.0,0.0,1.0,4
0.0676,-0.4768146928193957,-100.0,1.0,0.0,0.0,1.0,4
0.0677,-0.48681469281939993,-100.0,1.0,0.0,0.0,1.0,4
0.0678,-0.49681469281940416,-100.0,1.0,0.0,0.0,1.0,4
0.0679,-0.5068146928194082,-100.0,1.0,0.0,0.0,1.0,4
0.068,-0.5168146928194123,-100.0,1.0,0.0,0.0,1.0,4
0.0681,-0.526814692819415,-100.0,1.0,0.0,0.0,1.0,4
0.0682,-0.5368146928194191,-100.0,1.0,0.0,0.0,1.0,4
0.0683,-0.5468146928194232,-100.0,1.0,0.0,0.0,1.0,4
0.0684,-0.5568146928194273,-100.0,1.0,0.0,0.0,1.0,4
0.0685,-0.5668146928194314,-100.0,1.0,0.0,0.0,1.0,4
0.0686,-0.5768146928194341,-100.0,1.0,0.0,0.0,1.0,4
0.0687,-0.5868146928194382,-100.0,1.0,0.0,0.0,1.0,4
0.0688,-0.5968146928194423,-100.0,1.0,0.0,0.0,1.0,4
0.0689,-0.6068146928194464,-100.0,1.0,0.0,0.0,1.0,4
0.069,-0.6168146928194506,-100.0,1.0,0.0,0.0,1.0,4
0.0691,-0.6268146928194532,-100.0,1.0,0.0,0.0,1.0,4
0.0692,-0.6368146928194574,-100.0,1.0,0.0,0.0,1.0,4
0.0693,-0.6468146928194615,-100.0,1.0,0.0,0.0,1.0,4
0.0694,-0.6568146928194656,-100.0,1.0,0.0,0.0,1.0,4
0.0695,-0.6668146928194697,-100.0,1.0,0.0,0.0,1.0,4
0.0696,-0.6768146928194724,-100.0,1.0,0.0,0.0,1.0,4
0.0697,-0.6868146928194765,-100.0,1.0,0.0,0.0,1.0,4
0.0698,-0.6968146928194806,-100.0,1.0,0.0,0.0,1.0,4
0.0699,-0.7068146928194847,-100.0,1.0,0.0,0.0,1.0,4
0.07,-0.7168146928194888,-100.0,1.0,0.0,0.0,1.0,4
