time_s,mechanical_angle_rad,mechanical_angle_unwrapped_rad,electrical_angle_rad,electrical_angle_wrapped_rad,speed_rad_s,ia_A,ib_A,ic_A
0.0,0.0,0.0,0.0,0.0,100.0,0.0,0.0,0.0
0.0001,0.010000000000000005,0.010000000000000005,0.04000000000000002,0.04000000000000002,100.0,0.0,0.0,0.0
0.0002,0.020000000000000014,0.020000000000000014,0.08000000000000006,0.08000000000000006,100.0,0.0,0.0,0.0
0.00030000000000000003,0.030000000000000016,0.030000000000000016,0.12000000000000006,0.12000000000000006,100.0,0.0,0.0,0.0
0.0004,0.039999999999999994,0.039999999999999994,0.15999999999999998,0.15999999999999998,100.0,0.0,0.0,0.0
0.0005,0.04999999999999999,0.04999999999999999,0.19999999999999996,0.19999999999999996,100.0,0.0,0.0,0.0
0.0006000000000000001,0.059999999999999984,0.059999999999999984,0.23999999999999994,0.23999999999999994,100.0,0.0,0.0,0.0
0.0007,0.06999999999999995,0.06999999999999995,0.2799999999999998,0.2799999999999998,100.0,0.0,0.0,0.0
0.0008,0.07999999999999996,0.07999999999999996,0.31999999999999984,0.31999999999999984,100.0,0.0,0.0,0.0
0.0009000000000000001,0.08999999999999997,0.08999999999999997,0.3599999999999999,0.3599999999999999,100.0,0.0,0.0,0.0
0.001,0.09999999999999998,0.09999999999999998,0.3999999999999999,0.3999999999999999,100.0,0.0,0.0,0.0
0.0011,0.10999999999999999,0.10999999999999999,0.43999999999999995,0.43999999999999995,100.0,0.0,0.0,0.0
0.0012000000000000001,0.12,0.12,0.48,0.48,100.0,0.0,0.0,0.0
0.0013000000000000002,0.12999999999999998,0.12999999999999998,0.5199999999999999,0.5199999999999999,100.0,0.0,0.0,0.0
0.0014,0.13999999999999993,0.13999999999999993,0.5599999999999997,0.5599999999999997,100.0,0.0,0.0,0.0
0.0015,0.1499999999999999,0.1499999999999999,0.5999999999999996,0.5999999999999996,100.0,0.0,0.0,0.0
0.0016,0.1599999999999999,0.1599999999999999,0.6399999999999996,0.6399999999999996,100.0,0.0,0.0,0.0
0.0017000000000000001,0.16999999999999987,0.16999999999999987,0.6799999999999995,0.6799999999999995,100.0,0.0,0.0,0.0
0.0018000000000000002,0.17999999999999985,0.17999999999999985,0.7199999999999994,0.7199999999999994,100.0,0.0,0.0,0.0
0.0019,0.1899999999999998,0.1899999999999998,0.7599999999999992,0.7599999999999992,100.0,0.0,0.0,0.0
0.002,0.19999999999999982,0.19999999999999982,0.7999999999999993,0.7999999999999993,100.0,0.0,0.0,0.0
0.0021000000000000003,0.20999999999999983,0.20999999999999983,0.8399999999999993,0.8399999999999993,100.0,0.0,0.0,0.0
0.0022,0.21999999999999978,0.21999999999999978,0.8799999999999991,0.8799999999999991,100.0,0.0,0.0,0.0
0.0023,0.22999999999999973,0.22999999999999973,0.9199999999999989,0.9199999999999989,100.0,0.0,0.0,0.0
0.0024000000000000002,0.23999999999999974,0.23999999999999974,0.959999999999999,0.959999999999999,100.0,0.0,0.0,0.0
0.0025,0.24999999999999972,0.24999999999999972,0.9999999999999989,0.9999999999999989,100.0,0.0,0.0,0.0
0.0026000000000000003,0.25999999999999973,0.25999999999999973,1.039999999999999,1.039999999999999,100.0,0.0,0.0,0.0
0.0027,0.26999999999999974,0.26999999999999974,1.079999999999999,1.079999999999999,100.0,0.0,0.0,0.0
0.0028,0.27999999999999975,0.27999999999999975,1.119999999999999,1.119999999999999,100.0,0.0,0.0,0.0
0.0029000000000000002,0.28999999999999976,0.28999999999999976,1.159999999999999,1.159999999999999,100.0,0.0,0.0,0.0
0.003,0.29999999999999977,0.29999999999999977,1.199999999999999,1.199999999999999,100.0,0.0,0.0,0.0
0.0031000000000000003,0.3099999999999998,0.3099999999999998,1.239999999999999,1.239999999999999,100.0,0.0,0.0,0.0
0.0032,0.3199999999999998,0.3199999999999998,1.2799999999999991,1.2799999999999991,100.0,0.0,0.0,0.0
0.0033,0.3299999999999998,0.3299999999999998,1.3199999999999992,1.3199999999999992,100.0,0.0,0.0,0.0
0.0034000000000000002,0.3399999999999998,0.3399999999999998,1.3599999999999992,1.3599999999999992,100.0,0.0,0.0,0.0
0.0035,0.3499999999999998,0.3499999999999998,1.3999999999999992,1.3999999999999992,100.0,0.0,0.0,0.0
0.0036000000000000003,0.3599999999999998,0.3599999999999998,1.4399999999999993,1.4399999999999993,100.0,0.0,0.0,0.0
0.0037,0.36999999999999983,0.36999999999999983,1.4799999999999993,1.4799999999999993,100.0,0.0,0.0,0.0
0.0038,0.37999999999999984,0.37999999999999984,1.5199999999999994,1.5199999999999994,100.0,0.0,0.0,0.0
0.0039000000000000003,0.38999999999999985,0.38999999999999985,1.5599999999999994,1.5599999999999994,100.0,0.0,0.0,0.0
0.004,0.40000000000000024,0.40000000000000024,1.600000000000001,1.600000000000001,100.0,0.0,0.0,0.0
0.0041,0.4100000000000007,0.4100000000000007,1.6400000000000028,1.6400000000000028,100.0,0.0,0.0,0.0
0.004200000000000001,0.42000000000000115,0.42000000000000115,1.6800000000000046,1.6800000000000046,100.0,0.0,0.0,0.0
0.0043,0.43000000000000155,0.43000000000000155,1.7200000000000062,1.7200000000000062,100.0,0.0,0.0,0.0
0.0044,0.440000000000002,0.440000000000002,1.760000000000008,1.760000000000008,100.0,0.0,0.0,0.0
0.0045000000000000005,0.45000000000000245,0.45000000000000245,1.8000000000000098,1.8000000000000098,100.0,0.0,0.0,0.0
0.0046,0.46000000000000285,0.46000000000000285,1.8400000000000114,1.8400000000000114,100.0,0.0,0.0,0.0
0.0047,0.4700000000000033,0.4700000000000033,1.8800000000000132,1.8800000000000132,100.0,0.0,0.0,0.0
0.0048000000000000004,0.48000000000000376,0.48000000000000376,1.920000000000015,1.920000000000015,100.0,0.0,0.0,0.0
0.0049,0.49000000000000415,0.49000000000000415,1.9600000000000166,1.9600000000000166,100.0,0.0,0.0,0.0
0.005,0.5000000000000047,0.5000000000000047,2.0000000000000187,2.0000000000000187,100.0,0.0,0.0,0.0
0.0051,0.5100000000000052,0.5100000000000052,2.040000000000021,2.040000000000021,100.0,0.0,0.0,0.0
0.005200000000000001,0.5200000000000058,0.5200000000000058,2.080000000000023,2.080000000000023,100.0,0.0,0.0,0.0
0.0053,0.530000000000006,0.530000000000006,2.120000000000024,2.120000000000024,100.0,0.0,0.0,0.0
0.0054,0.5400000000000066,0.5400000000000066,2.1600000000000263,2.1600000000000263,100.0,0.0,0.0,0.0
0.0055000000000000005,0.5500000000000071,0.5500000000000071,2.2000000000000286,2.2000000000000286,100.0,0.0,0.0,0.0
0.0056,0.5600000000000074,0.5600000000000074,2.2400000000000295,2.2400000000000295,100.0,0.0,0.0,0.0
0.0057,0.570000000000008,0.570000000000008,2.280000000000032,2.280000000000032,100.0,0.0,0.0,0.0
0.0058000000000000005,0.5800000000000085,0.5800000000000085,2.320000000000034,2.320000000000034,100.0,0.0,0.0,0.0
0.0059,0.5900000000000087,0.5900000000000087,2.360000000000035,2.360000000000035,100.0,0.0,0.0,0.0
0.006,0.6000000000000093,0.6000000000000093,2.400000000000037,2.400000000000037,100.0,0.0,0.0,0.0
0.0061,0.6100000000000099,0.6100000000000099,2.4400000000000395,2.4400000000000395,100.0,0.0,0.0,0.0
0.006200000000000001,0.6200000000000104,0.6200000000000104,2.4800000000000417,2.4800000000000417,100.0,0.0,0.0,0.0
0.0063,0.6300000000000107,0.6300000000000107,2.5200000000000427,2.5200000000000427,100.0,0.0,0.0,0.0
0.0064,0.6400000000000112,0.6400000000000112,2.560000000000045,2.560000000000045,100.0,0.0,0.0,0.0
0.006500000000000001,0.6500000000000118,0.6500000000000118,2.600000000000047,2.600000000000047,100.0,0.0,0.0,0.0
0.0066,0.660000000000012,0.660000000000012,2.640000000000048,2.640000000000048,100.0,0.0,0.0,0.0
0.0067,0.6700000000000126,0.6700000000000126,2.6800000000000503,2.6800000000000503,100.0,0.0,0.0,0.0
0.0068000000000000005,0.6800000000000131,0.6800000000000131,2.7200000000000526,2.7200000000000526,100.0,0.0,0.0,0.0
0.006900000000000001,0.6900000000000137,0.6900000000000137,2.760000000000055,2.760000000000055,100.0,0.0,0.0,0.0
0.007,0.7000000000000139,0.7000000000000139,2.8000000000000558,2.8000000000000558,100.0,0.0,0.0,0.0
0.0071,0.7100000000000145,0.7100000000000145,2.840000000000058,2.840000000000058,100.0,0.0,0.0,0.0
0.007200000000000001,0.7200000000000151,0.7200000000000151,2.8800000000000603,2.8800000000000603,100.0,0.0,0.0,0.0
0.0073,0.7300000000000153,0.7300000000000153,2.920000000000061,2.920000000000061,100.0,0.0,0.0,0.0
0.0074,0.7400000000000159,0.7400000000000159,2.9600000000000635,2.9600000000000635,100.0,0.0,0.0,0.0
0.007500000000000001,0.7500000000000164,0.7500000000000164,3.0000000000000657,3.0000000000000657,100.0,0.0,0.0,0.0
0.0076,0.7600000000000167,0.7600000000000167,3.0400000000000666,3.0400000000000666,100.0,0.0,0.0,0.0
0.0077,0.7700000000000172,0.7700000000000172,3.080000000000069,3.080000000000069,100.0,0.0,0.0,0.0
0.0078000000000000005,0.7800000000000178,0.7800000000000178,3.120000000000071,3.120000000000071,100.0,0.0,0.0,0.0
0.0079,0.790000000000018,0.790000000000018,3.160000000000072,3.160000000000072,100.0,0.0,0.0,0.0
0.008,0.8000000000000183,0.8000000000000183,3.200000000000073,3.200000000000073,100.0,0.0,0.0,0.0
0.0081,0.8100000000000185,0.8100000000000185,3.240000000000074,3.240000000000074,100.0,0.0,0.0,0.0
0.0082,0.8200000000000189,0.8200000000000189,3.2800000000000757,3.2800000000000757,100.0,0.0,0.0,0.0
0.0083,0.8300000000000192,0.8300000000000192,3.3200000000000767,3.3200000000000767,100.0,0.0,0.0,0.0
0.008400000000000001,0.8400000000000196,0.8400000000000196,3.3600000000000785,3.3600000000000785,100.0,0.0,0.0,0.0
0.0085,0.8500000000000199,0.8500000000000199,3.4000000000000794,3.4000000000000794,100.0,0.0,0.0,0.0
0.0086,0.8600000000000201,0.8600000000000201,3.4400000000000803,3.4400000000000803,100.0,0.0,0.0,0.0
0.008700000000000001,0.8700000000000205,0.8700000000000205,3.480000000000082,3.480000000000082,100.0,0.0,0.0,0.0
0.0088,0.8800000000000208,0.8800000000000208,3.520000000000083,3.520000000000083,100.0,0.0,0.0,0.0
0.0089,0.890000000000021,0.890000000000021,3.560000000000084,3.560000000000084,100.0,0.0,0.0,0.0
0.009000000000000001,0.9000000000000214,0.9000000000000214,3.600000000000086,3.600000000000086,100.0,0.0,0.0,0.0
0.0091,0.9100000000000217,0.9100000000000217,3.6400000000000867,3.6400000000000867,100.0,0.0,0.0,0.0
0.0092,0.9200000000000219,0.9200000000000219,3.6800000000000876,3.6800000000000876,100.0,0.0,0.0,0.0
0.009300000000000001,0.9300000000000224,0.9300000000000224,3.7200000000000895,3.7200000000000895,100.0,0.0,0.0,0.0
0.0094,0.9400000000000226,0.9400000000000226,3.7600000000000904,3.7600000000000904,100.0,0.0,0.0,0.0
0.0095,0.9500000000000228,0.9500000000000228,3.8000000000000913,3.8000000000000913,100.0,0.0,0.0,0.0
0.009600000000000001,0.9600000000000233,0.9600000000000233,3.840000000000093,3.840000000000093,100.0,0.0,0.0,0.0
0.0097,0.9700000000000235,0.9700000000000235,3.880000000000094,3.880000000000094,100.0,0.0,0.0,0.0
0.0098,0.9800000000000237,0.9800000000000237,3.920000000000095,3.920000000000095,100.0,0.0,0.0,0.0
0.0099,0.9900000000000242,0.9900000000000242,3.9600000000000968,3.9600000000000968,100.0,0.0,0.0,0.0
0.01,1.0000000000000244,1.0000000000000244,4.000000000000098,4.000000000000098,100.0,0.0,0.0,0.0
0.010100000000000001,1.0100000000000238,1.0100000000000238,4.040000000000095,4.040000000000095,100.0,0.0,0.0,0.0
0.0102,1.0200000000000229,1.0200000000000229,4.0800000000000916,4.0800000000000916,100.0,0.0,0.0,0.0
0.0103,1.030000000000022,1.030000000000022,4.120000000000088,4.120000000000088,100.0,0.0,0.0,0.0
0.010400000000000001,1.0400000000000214,1.0400000000000214,4.160000000000085,4.160000000000085,100.0,0.0,0.0,0.0
0.0105,1.0500000000000205,1.0500000000000205,4.200000000000082,4.200000000000082,100.0,0.0,0.0,0.0
0.0106,1.0600000000000196,1.0600000000000196,4.240000000000078,4.240000000000078,100.0,0.0,0.0,0.0
0.010700000000000001,1.070000000000019,1.070000000000019,4.280000000000076,4.280000000000076,100.0,0.0,0.0,0.0
0.0108,1.080000000000018,1.080000000000018,4.320000000000072,4.320000000000072,100.0,0.0,0.0,0.0
0.0109,1.0900000000000172,1.0900000000000172,4.360000000000069,4.360000000000069,100.0,0.0,0.0,0.0
0.011000000000000001,1.1000000000000165,1.1000000000000165,4.400000000000066,4.400000000000066,100.0,0.0,0.0,0.0
0.0111,1.1100000000000156,1.1100000000000156,4.440000000000063,4.440000000000063,100.0,0.0,0.0,0.0
0.0112,1.1200000000000148,1.1200000000000148,4.480000000000059,4.480000000000059,100.0,0.0,0.0,0.0
0.011300000000000001,1.130000000000014,1.130000000000014,4.520000000000056,4.520000000000056,100.0,0.0,0.0,0.0
0.0114,1.1400000000000132,1.1400000000000132,4.560000000000053,4.560000000000053,100.0,0.0,0.0,0.0
0.0115,1.1500000000000123,1.1500000000000123,4.600000000000049,4.600000000000049,100.0,0.0,0.0,0.0
0.011600000000000001,1.1600000000000117,1.1600000000000117,4.640000000000047,4.640000000000047,100.0,0.0,0.0,0.0
0.0117,1.1700000000000108,1.1700000000000108,4.680000000000043,4.680000000000043,100.0,0.0,0.0,0.0
0.0118,1.18000000000001,1.18000000000001,4.72000000000004,4.72000000000004,100.0,0.0,0.0,0.0
0.0119,1.1900000000000093,1.1900000000000093,4.760000000000037,4.760000000000037,100.0,0.0,0.0,0.0
0.012,1.2000000000000084,1.2000000000000084,4.800000000000034,4.800000000000034,100.0,0.0,0.0,0.0
0.012100000000000001,1.2100000000000077,1.2100000000000077,4.840000000000031,4.840000000000031,100.0,0.0,0.0,0.0
0.0122,1.2200000000000069,1.2200000000000069,4.880000000000027,4.880000000000027,100.0,0.0,0.0,0.0
0.0123,1.230000000000006,1.230000000000006,4.920000000000024,4.920000000000024,100.0,0.0,0.0,0.0
0.012400000000000001,1.2400000000000053,1.2400000000000053,4.960000000000021,4.960000000000021,100.0,0.0,0.0,0.0
0.0125,1.2500000000000044,1.2500000000000044,5.000000000000018,5.000000000000018,100.0,0.0,0.0,0.0
0.0126,1.2600000000000036,1.2600000000000036,5.040000000000014,5.040000000000014,100.0,0.0,0.0,0.0
0.012700000000000001,1.270000000000003,1.270000000000003,5.080000000000012,5.080000000000012,100.0,0.0,0.0,0.0
0.0128,1.280000000000002,1.280000000000002,5.120000000000008,5.120000000000008,100.0,0.0,0.0,0.0
0.0129,1.2900000000000011,1.2900000000000011,5.160000000000005,5.160000000000005,100.0,0.0,0.0,0.0
0.013000000000000001,1.3000000000000005,1.3000000000000005,5.200000000000002,5.200000000000002,100.0,0.0,0.0,0.0
0.0131,1.3099999999999996,1.3099999999999996,5.239999999999998,5.239999999999998,100.0,0.0,0.0,0.0
0.0132,1.3199999999999987,1.3199999999999987,5.279999999999995,5.279999999999995,100.0,0.0,0.0,0.0
0.013300000000000001,1.329999999999998,1.329999999999998,5.319999999999992,5.319999999999992,100.0,0.0,0.0,0.0
0.0134,1.3399999999999972,1.3399999999999972,5.359999999999989,5.359999999999989,100.0,0.0,0.0,0.0
0.0135,1.3499999999999963,1.3499999999999963,5.399999999999985,5.399999999999985,100.0,0.0,0.0,0.0
0.013600000000000001,1.3599999999999957,1.3599999999999957,5.439999999999983,5.439999999999983,100.0,0.0,0.0,0.0
0.0137,1.3699999999999948,1.3699999999999948,5.479999999999979,5.479999999999979,100.0,0.0,0.0,0.0
0.013800000000000002,1.3799999999999941,1.3799999999999941,5.5199999999999765,5.5199999999999765,100.0,0.0,0.0,0.0
0.013900000000000001,1.3899999999999932,1.3899999999999932,5.559999999999973,5.559999999999973,100.0,0.0,0.0,0.0
0.014,1.3999999999999924,1.3999999999999924,5.5999999999999694,5.5999999999999694,100.0,0.0,0.0,0.0
0.014100000000000001,1.4099999999999917,1.4099999999999917,5.639999999999967,5.639999999999967,100.0,0.0,0.0,0.0
0.0142,1.4199999999999908,1.4199999999999908,5.679999999999963,5.679999999999963,100.0,0.0,0.0,0.0
0.0143,1.42999999999999,1.42999999999999,5.71999999999996,5.71999999999996,100.0,0.0,0.0,0.0
0.014400000000000001,1.4399999999999893,1.4399999999999893,5.759999999999957,5.759999999999957,100.0,0.0,0.0,0.0
0.0145,1.4499999999999884,1.4499999999999884,5.799999999999954,5.799999999999954,100.0,0.0,0.0,0.0
0.0146,1.4599999999999875,1.4599999999999875,5.83999999999995,5.83999999999995,100.0,0.0,0.0,0.0
0.014700000000000001,1.4699999999999869,1.4699999999999869,5.8799999999999475,5.8799999999999475,100.0,0.0,0.0,0.0
0.0148,1.479999999999986,1.479999999999986,5.919999999999944,5.919999999999944,100.0,0.0,0.0,0.0
0.0149,1.4899999999999851,1.4899999999999851,5.9599999999999405,5.9599999999999405,100.0,0.0,0.0,0.0
0.015000000000000001,1.4999999999999845,1.4999999999999845,5.999999999999938,5.999999999999938,100.0,0.0,0.0,0.0
0.0151,1.5099999999999836,1.5099999999999836,6.039999999999934,6.039999999999934,100.0,0.0,0.0,0.0
0.0152,1.5199999999999827,1.5199999999999827,6.079999999999931,6.079999999999931,100.0,0.0,0.0,0.0
0.015300000000000001,1.529999999999982,1.529999999999982,6.119999999999928,6.119999999999928,100.0,0.0,0.0,0.0
0.0154,1.5399999999999812,1.5399999999999812,6.159999999999925,6.159999999999925,100.0,0.0,0.0,0.0
0.0155,1.5499999999999803,1.5499999999999803,6.199999999999921,6.199999999999921,100.0,0.0,0.0,0.0
0.015600000000000001,1.5599999999999796,1.5599999999999796,6.2399999999999185,6.2399999999999185,100.0,0.0,0.0,0.0
0.015700000000000002,1.5699999999999787,1.5699999999999787,6.279999999999915,6.279999999999915,100.0,0.0,0.0,0.0
0.0158,1.5799999999999779,1.5799999999999779,6.3199999999999115,0.036814692820325234,100.0,0.0,0.0,0.0
0.0159,1.589999999999977,1.589999999999977,6.359999999999908,0.07681469282032172,100.0,0.0,0.0,0.0
0.016,1.599999999999976,1.599999999999976,6.399999999999904,0.1168146928203182,100.0,0.0,0.0,0.0
0.0161,1.6099999999999752,1.6099999999999752,6.439999999999901,0.15681469282031468,100.0,0.0,0.0,0.0
0.0162,1.6199999999999743,1.6199999999999743,6.479999999999897,0.19681469282031117,100.0,0.0,0.0,0.0
0.016300000000000002,1.6299999999999737,1.6299999999999737,6.519999999999895,0.23681469282030854,100.0,0.0,0.0,0.0
0.0164,1.6399999999999728,1.6399999999999728,6.559999999999891,0.276814692820305,100.0,0.0,0.0,0.0
0.0165,1.649999999999972,1.649999999999972,6.599999999999888,0.3168146928203015,100.0,0.0,0.0,0.0
0.0166,1.659999999999971,1.659999999999971,6.639999999999884,0.356814692820298,100.0,0.0,0.0,0.0
0.0167,1.6699999999999702,1.6699999999999702,6.679999999999881,0.39681469282029447,100.0,0.0,0.0,0.0
0.016800000000000002,1.6799999999999695,1.6799999999999695,6.719999999999878,0.43681469282029184,100.0,0.0,0.0,0.0
0.016900000000000002,1.6899999999999686,1.6899999999999686,6.7599999999998746,0.4768146928202883,100.0,0.0,0.0,0.0
0.017,1.6999999999999678,1.6999999999999678,6.799999999999871,0.5168146928202848,100.0,0.0,0.0,0.0
0.0171,1.7099999999999669,1.7099999999999669,6.8399999999998675,0.5568146928202813,100.0,0.0,0.0,0.0
0.0172,1.719999999999966,1.719999999999966,6.879999999999864,0.5968146928202778,100.0,0.0,0.0,0.0
0.0173,1.7299999999999651,1.7299999999999651,6.9199999999998605,0.6368146928202743,100.0,0.0,0.0,0.0
0.017400000000000002,1.7399999999999645,1.7399999999999645,6.959999999999858,0.6768146928202716,100.0,0.0,0.0,0.0
0.0175,1.7499999999999636,1.7499999999999636,6.999999999999854,0.7168146928202681,100.0,0.0,0.0,0.0
0.0176,1.7599999999999627,1.7599999999999627,7.039999999999851,0.7568146928202646,100.0,0.0,0.0,0.0
0.0177,1.7699999999999618,1.7699999999999618,7.079999999999847,0.7968146928202611,100.0,0.0,0.0,0.0
0.0178,1.779999999999961,1.779999999999961,7.119999999999844,0.8368146928202576,100.0,0.0,0.0,0.0
0.0179,1.78999999999996,1.78999999999996,7.15999999999984,0.876814692820254,100.0,0.0,0.0,0.0
0.018000000000000002,1.7999999999999594,1.7999999999999594,7.199999999999838,0.9168146928202514,100.0,0.0,0.0,0.0
0.0181,1.8099999999999585,1.8099999999999585,7.239999999999834,0.9568146928202479,100.0,0.0,0.0,0.0
0.0182,1.8199999999999577,1.8199999999999577,7.279999999999831,0.9968146928202444,100.0,0.0,0.0,0.0
0.0183,1.8299999999999568,1.8299999999999568,7.319999999999827,1.0368146928202409,100.0,0.0,0.0,0.0
0.0184,1.839999999999956,1.839999999999956,7.359999999999824,1.0768146928202373,100.0,0.0,0.0,0.0
0.018500000000000003,1.8499999999999552,1.8499999999999552,7.399999999999821,1.1168146928202347,100.0,0.0,0.0,0.0
0.018600000000000002,1.8599999999999544,1.8599999999999544,7.439999999999817,1.1568146928202312,100.0,0.0,0.0,0.0
0.0187,1.8699999999999535,1.8699999999999535,7.479999999999814,1.1968146928202277,100.0,0.0,0.0,0.0
0.0188,1.8799999999999526,1.8799999999999526,7.51999999999981,1.2368146928202242,100.0,0.0,0.0,0.0
0.0189,1.8899999999999517,1.8899999999999517,7.559999999999807,1.2768146928202206,100.0,0.0,0.0,0.0
0.019,1.8999999999999508,1.8999999999999508,7.599999999999803,1.3168146928202171,100.0,0.0,0.0,0.0
0.019100000000000002,1.9099999999999502,1.9099999999999502,7.639999999999801,1.3568146928202145,100.0,0.0,0.0,0.0
0.019200000000000002,1.9199999999999493,1.9199999999999493,7.679999999999797,1.396814692820211,100.0,0.0,0.0,0.0
0.0193,1.9299999999999484,1.9299999999999484,7.719999999999794,1.4368146928202075,100.0,0.0,0.0,0.0
0.0194,1.9399999999999475,1.9399999999999475,7.75999999999979,1.476814692820204,100.0,0.0,0.0,0.0
0.0195,1.9499999999999467,1.9499999999999467,7.799999999999787,1.5168146928202004,100.0,0.0,0.0,0.0
0.0196,1.9599999999999458,1.9599999999999458,7.839999999999783,1.556814692820197,100.0,0.0,0.0,0.0
0.019700000000000002,1.9699999999999451,1.9699999999999451,7.8799999999997805,1.5968146928201943,100.0,0.0,0.0,0.0
0.0198,1.9799999999999442,1.9799999999999442,7.919999999999777,1.6368146928201908,100.0,0.0,0.0,0.0
0.0199,1.9899999999999434,1.9899999999999434,7.9599999999997735,1.6768146928201872,100.0,0.0,0.0,0.0
0.02,1.9999999999999425,1.9999999999999425,7.99999999999977,1.7168146928201837,100.0,0.0,0.0,0.0
0.0201,2.009999999999942,2.009999999999942,8.039999999999768,1.756814692820182,100.0,0.0,0.0,0.0
0.020200000000000003,2.0199999999999414,2.0199999999999414,8.079999999999766,1.7968146928201794,100.0,0.0,0.0,0.0
0.020300000000000002,2.0299999999999407,2.0299999999999407,8.119999999999763,1.8368146928201767,100.0,0.0,0.0,0.0
0.0204,2.03999999999994,2.03999999999994,8.15999999999976,1.876814692820174,100.0,0.0,0.0,0.0
0.0205,2.0499999999999394,2.0499999999999394,8.199999999999758,1.9168146928201715,100.0,0.0,0.0,0.0
0.0206,2.0599999999999388,2.0599999999999388,8.239999999999755,1.9568146928201688,100.0,0.0,0.0,0.0
0.0207,2.069999999999938,2.069999999999938,8.279999999999752,1.9968146928201662,100.0,0.0,0.0,0.0
0.020800000000000003,2.0799999999999375,2.0799999999999375,8.31999999999975,2.0368146928201636,100.0,0.0,0.0,0.0
0.020900000000000002,2.089999999999937,2.089999999999937,8.359999999999747,2.076814692820161,100.0,0.0,0.0,0.0
0.021,2.099999999999936,2.099999999999936,8.399999999999745,2.1168146928201583,100.0,0.0,0.0,0.0
0.0211,2.1099999999999355,2.1099999999999355,8.439999999999742,2.1568146928201557,100.0,0.0,0.0,0.0
0.0212,2.119999999999935,2.119999999999935,8.47999999999974,2.196814692820153,100.0,0.0,0.0,0.0
0.0213,2.129999999999934,2.129999999999934,8.519999999999737,2.2368146928201504,100.0,0.0,0.0,0.0
0.021400000000000002,2.1399999999999335,2.1399999999999335,8.559999999999734,2.276814692820148,100.0,0.0,0.0,0.0
0.021500000000000002,2.149999999999933,2.149999999999933,8.599999999999731,2.316814692820145,100.0,0.0,0.0,0.0
0.0216,2.159999999999932,2.159999999999932,8.639999999999729,2.3568146928201426,100.0,0.0,0.0,0.0
0.0217,2.1699999999999315,2.1699999999999315,8.679999999999726,2.39681469282014,100.0,0.0,0.0,0.0
0.0218,2.179999999999931,2.179999999999931,8.719999999999724,2.4368146928201373,100.0,0.0,0.0,0.0
0.0219,2.1899999999999302,2.1899999999999302,8.759999999999721,2.4768146928201347,100.0,0.0,0.0,0.0
0.022000000000000002,2.1999999999999296,2.1999999999999296,8.799999999999718,2.516814692820132,100.0,0.0,0.0,0.0
0.0221,2.209999999999929,2.209999999999929,8.839999999999716,2.5568146928201294,100.0,0.0,0.0,0.0
0.0222,2.2199999999999283,2.2199999999999283,8.879999999999713,2.596814692820127,100.0,0.0,0.0,0.0
0.0223,2.2299999999999276,2.2299999999999276,8.91999999999971,2.636814692820124,100.0,0.0,0.0,0.0
0.0224,2.239999999999927,2.239999999999927,8.959999999999708,2.6768146928201215,100.0,0.0,0.0,0.0
0.022500000000000003,2.2499999999999263,2.2499999999999263,8.999999999999705,2.716814692820119,100.0,0.0,0.0,0.0
0.022600000000000002,2.2599999999999256,2.2599999999999256,9.039999999999702,2.7568146928201163,100.0,0.0,0.0,0.0
0.0227,2.269999999999925,2.269999999999925,9.0799999999997,2.7968146928201136,100.0,0.0,0.0,0.0
0.0228,2.2799999999999243,2.2799999999999243,9.119999999999697,2.836814692820111,100.0,0.0,0.0,0.0
0.0229,2.2899999999999237,2.2899999999999237,9.159999999999695,2.8768146928201084,100.0,0.0,0.0,0.0
0.023,2.299999999999923,2.299999999999923,9.199999999999692,2.9168146928201057,100.0,0.0,0.0,0.0
0.023100000000000002,2.3099999999999223,2.3099999999999223,9.23999999999969,2.956814692820103,100.0,0.0,0.0,0.0
0.023200000000000002,2.3199999999999217,2.3199999999999217,9.279999999999687,2.9968146928201005,100.0,0.0,0.0,0.0
0.0233,2.329999999999921,2.329999999999921,9.319999999999684,3.036814692820098,100.0,0.0,0.0,0.0
0.0234,2.3399999999999204,2.3399999999999204,9.359999999999681,3.0768146928200952,100.0,0.0,0.0,0.0
0.0235,2.3499999999999197,2.3499999999999197,9.399999999999679,3.1168146928200926,100.0,0.0,0.0,0.0
0.0236,2.359999999999919,2.359999999999919,9.439999999999676,3.15681469282009,100.0,0.0,0.0,0.0
0.023700000000000002,2.3699999999999184,2.3699999999999184,9.479999999999674,3.1968146928200873,100.0,0.0,0.0,0.0
0.0238,2.3799999999999177,2.3799999999999177,9.519999999999671,3.2368146928200847,100.0,0.0,0.0,0.0
0.0239,2.389999999999917,2.389999999999917,9.559999999999668,3.276814692820082,100.0,0.0,0.0,0.0
0.024,2.3999999999999164,2.3999999999999164,9.599999999999666,3.3168146928200795,100.0,0.0,0.0,0.0
0.0241,2.4099999999999158,2.4099999999999158,9.639999999999663,3.356814692820077,100.0,0.0,0.0,0.0
0.024200000000000003,2.419999999999915,2.419999999999915,9.67999999999966,3.396814692820074,100.0,0.0,0.0,0.0
0.024300000000000002,2.4299999999999145,2.4299999999999145,9.719999999999658,3.4368146928200716,100.0,0.0,0.0,0.0
0.0244,2.439999999999914,2.439999999999914,9.759999999999655,3.476814692820069,100.0,0.0,0.0,0.0
0.0245,2.449999999999913,2.449999999999913,9.799999999999653,3.5168146928200663,100.0,0.0,0.0,0.0
0.0246,2.4599999999999125,2.4599999999999125,9.83999999999965,3.5568146928200637,100.0,0.0,0.0,0.0
0.0247,2.469999999999912,2.469999999999912,9.879999999999647,3.596814692820061,100.0,0.0,0.0,0.0
0.024800000000000003,2.479999999999911,2.479999999999911,9.919999999999645,3.6368146928200584,100.0,0.0,0.0,0.0
0.024900000000000002,2.4899999999999105,2.4899999999999105,9.959999999999642,3.676814692820056,100.0,0.0,0.0,0.0
0.025,2.49999999999991,2.49999999999991,9.99999999999964,3.716814692820053,100.0,0.0,0.0,0.0
0.0251,2.509999999999909,2.509999999999909,10.039999999999637,3.7568146928200505,100.0,0.0,0.0,0.0
0.0252,2.5199999999999085,2.5199999999999085,10.079999999999634,3.796814692820048,100.0,0.0,0.0,0.0
0.0253,2.529999999999908,2.529999999999908,10.119999999999632,3.8368146928200453,100.0,0.0,0.0,0.0
0.025400000000000002,2.539999999999907,2.539999999999907,10.159999999999629,3.8768146928200427,100.0,0.0,0.0,0.0
0.025500000000000002,2.5499999999999066,2.5499999999999066,10.199999999999626,3.91681469282004,100.0,0.0,0.0,0.0
0.0256,2.559999999999906,2.559999999999906,10.239999999999624,3.9568146928200374,100.0,0.0,0.0,0.0
0.0257,2.5699999999999052,2.5699999999999052,10.279999999999621,3.9968146928200348,100.0,0.0,0.0,0.0
0.0258,2.5799999999999046,2.5799999999999046,10.319999999999618,4.036814692820032,100.0,0.0,0.0,0.0
0.025900000000000003,2.589999999999904,2.589999999999904,10.359999999999616,4.0768146928200295,100.0,0.0,0.0,0.0
0.026000000000000002,2.5999999999999033,2.5999999999999033,10.399999999999613,4.116814692820027,100.0,0.0,0.0,0.0
0.0261,2.6099999999999026,2.6099999999999026,10.43999999999961,4.156814692820024,100.0,0.0,0.0,0.0
0.0262,2.619999999999902,2.619999999999902,10.479999999999608,4.196814692820022,100.0,0.0,0.0,0.0
0.0263,2.6299999999999013,2.6299999999999013,10.519999999999605,4.236814692820019,100.0,0.0,0.0,0.0
0.0264,2.6399999999999006,2.6399999999999006,10.559999999999603,4.276814692820016,100.0,0.0,0.0,0.0
0.026500000000000003,2.6499999999999,2.6499999999999,10.5999999999996,4.316814692820014,100.0,0.0,0.0,0.0
0.026600000000000002,2.6599999999998993,2.6599999999998993,10.639999999999597,4.356814692820011,100.0,0.0,0.0,0.0
0.0267,2.6699999999998987,2.6699999999998987,10.679999999999595,4.3968146928200085,100.0,0.0,0.0,0.0
0.0268,2.679999999999898,2.679999999999898,10.719999999999592,4.436814692820006,100.0,0.0,0.0,0.0
0.0269,2.6899999999998974,2.6899999999998974,10.75999999999959,4.476814692820003,100.0,0.0,0.0,0.0
0.027,2.6999999999998967,2.6999999999998967,10.799999999999587,4.516814692820001,100.0,0.0,0.0,0.0
0.027100000000000003,2.709999999999896,2.709999999999896,10.839999999999584,4.556814692819998,100.0,0.0,0.0,0.0
0.027200000000000002,2.7199999999998954,2.7199999999998954,10.879999999999582,4.596814692819995,100.0,0.0,0.0,0.0
0.0273,2.7299999999998947,2.7299999999998947,10.919999999999579,4.636814692819993,100.0,0.0,0.0,0.0
0.0274,2.739999999999894,2.739999999999894,10.959999999999576,4.67681469281999,100.0,0.0,0.0,0.0
0.0275,2.7499999999998934,2.7499999999998934,10.999999999999574,4.716814692819987,100.0,0.0,0.0,0.0
0.027600000000000003,2.7599999999998928,2.7599999999998928,11.039999999999571,4.756814692819985,100.0,0.0,0.0,0.0
0.027700000000000002,2.769999999999892,2.769999999999892,11.079999999999568,4.796814692819982,100.0,0.0,0.0,0.0
0.027800000000000002,2.7799999999998914,2.7799999999998914,11.119999999999566,4.8368146928199796,100.0,0.0,0.0,0.0
0.0279,2.789999999999891,2.789999999999891,11.159999999999563,4.876814692819977,100.0,0.0,0.0,0.0
0.028,2.79999999999989,2.79999999999989,11.19999999999956,4.916814692819974,100.0,0.0,0.0,0.0
0.0281,2.8099999999998895,2.8099999999998895,11.239999999999558,4.956814692819972,100.0,0.0,0.0,0.0
0.028200000000000003,2.819999999999889,2.819999999999889,11.279999999999555,4.996814692819969,100.0,0.0,0.0,0.0
0.028300000000000002,2.829999999999888,2.829999999999888,11.319999999999553,5.036814692819966,100.0,0.0,0.0,0.0
0.0284,2.8399999999998875,2.8399999999998875,11.35999999999955,5.076814692819964,100.0,0.0,0.0,0.0
0.0285,2.849999999999887,2.849999999999887,11.399999999999547,5.116814692819961,100.0,0.0,0.0,0.0
0.0286,2.859999999999886,2.859999999999886,11.439999999999545,5.1568146928199585,100.0,0.0,0.0,0.0
0.0287,2.8699999999998855,2.8699999999998855,11.479999999999542,5.196814692819956,100.0,0.0,0.0,0.0
0.028800000000000003,2.879999999999885,2.879999999999885,11.51999999999954,5.236814692819953,100.0,0.0,0.0,0.0
0.028900000000000002,2.889999999999884,2.889999999999884,11.559999999999537,5.276814692819951,100.0,0.0,0.0,0.0
0.029,2.8999999999998836,2.8999999999998836,11.599999999999534,5.316814692819948,100.0,0.0,0.0,0.0
0.0291,2.909999999999883,2.909999999999883,11.639999999999532,5.356814692819945,100.0,0.0,0.0,0.0
0.0292,2.9199999999998822,2.9199999999998822,11.679999999999529,5.396814692819943,100.0,0.0,0.0,0.0
0.029300000000000003,2.9299999999998816,2.9299999999998816,11.719999999999526,5.43681469281994,100.0,0.0,0.0,0.0
0.029400000000000003,2.939999999999881,2.939999999999881,11.759999999999524,5.4768146928199375,100.0,0.0,0.0,0.0
0.029500000000000002,2.9499999999998803,2.9499999999998803,11.799999999999521,5.516814692819935,100.0,0.0,0.0,0.0
0.0296,2.9599999999998796,2.9599999999998796,11.839999999999518,5.556814692819932,100.0,0.0,0.0,0.0
0.0297,2.969999999999879,2.969999999999879,11.879999999999516,5.59681469281993,100.0,0.0,0.0,0.0
0.0298,2.9799999999998783,2.9799999999998783,11.919999999999513,5.636814692819927,100.0,0.0,0.0,0.0
0.029900000000000003,2.9899999999998776,2.9899999999998776,11.95999999999951,5.676814692819924,100.0,0.0,0.0,0.0
0.030000000000000002,2.999999999999877,2.999999999999877,11.999999999999508,5.716814692819922,100.0,0.0,0.0,0.0
0.030100000000000002,3.0099999999998763,3.0099999999998763,12.039999999999505,5.756814692819919,100.0,0.0,0.0,0.0
0.0302,3.0199999999998757,3.0199999999998757,12.079999999999503,5.7968146928199165,100.0,0.0,0.0,0.0
0.0303,3.029999999999875,3.029999999999875,12.1199999999995,5.836814692819914,100.0,0.0,0.0,0.0
0.0304,3.0399999999998744,3.0399999999998744,12.159999999999497,5.876814692819911,100.0,0.0,0.0,0.0
0.030500000000000003,3.0499999999998737,3.0499999999998737,12.199999999999495,5.916814692819909,100.0,0.0,0.0,0.0
0.030600000000000002,3.059999999999873,3.059999999999873,12.239999999999492,5.956814692819906,100.0,0.0,0.0,0.0
0.0307,3.0699999999998724,3.0699999999998724,12.27999999999949,5.996814692819903,100.0,0.0,0.0,0.0
0.0308,3.0799999999998717,3.0799999999998717,12.319999999999487,6.036814692819901,100.0,0.0,0.0,0.0
0.0309,3.089999999999871,3.089999999999871,12.359999999999484,6.076814692819898,100.0,0.0,0.0,0.0
0.031,3.0999999999998704,3.0999999999998704,12.399999999999482,6.116814692819895,100.0,0.0,0.0,0.0
0.031100000000000003,3.1099999999998698,3.1099999999998698,12.439999999999479,6.156814692819893,100.0,0.0,0.0,0.0
0.031200000000000002,3.119999999999869,3.119999999999869,12.479999999999476,6.19681469281989,100.0,0.0,0.0,0.0
0.0313,3.1299999999998676,3.1299999999998676,12.51999999999947,6.236814692819884,100.0,0.0,0.0,0.0
0.031400000000000004,3.1399999999998642,3.1399999999998642,12.559999999999457,6.276814692819871,100.0,0.0,0.0,0.0
0.0315,-3.133185307179726,3.14999999999986,12.59999999999944,0.03362938564026763,100.0,0.0,0.0,0.0
0.0316,-3.1231853071797295,3.1599999999998567,12.639999999999427,0.07362938564025434,100.0,0.0,0.0,0.0
0.0317,-3.1131853071797337,3.1699999999998525,12.67999999999941,0.1136293856402375,100.0,0.0,0.0,0.0
0.0318,-3.103185307179737,3.179999999999849,12.719999999999397,0.15362938564022421,100.0,0.0,0.0,0.0
0.031900000000000005,-3.0931853071797404,3.189999999999846,12.759999999999383,0.19362938564021093,100.0,0.0,0.0,0.0
0.032,-3.0831853071797446,3.1999999999998416,12.799999999999367,0.2336293856401941,100.0,0.0,0.0,0.0
0.032100000000000004,-3.073185307179748,3.2099999999998383,12.839999999999353,0.2736293856401808,100.0,0.0,0.0,0.0
0.0322,-3.063185307179752,3.219999999999834,12.879999999999336,0.31362938564016396,100.0,0.0,0.0,0.0
0.0323,-3.0531853071797554,3.229999999999831,12.919999999999323,0.3536293856401507,100.0,0.0,0.0,0.0
0.0324,-3.0431853071797597,3.2399999999998266,12.959999999999306,0.39362938564013383,100.0,0.0,0.0,0.0
0.0325,-3.033185307179763,3.2499999999998233,12.999999999999293,0.43362938564012055,100.0,0.0,0.0,0.0
0.032600000000000004,-3.0231853071797663,3.25999999999982,13.03999999999928,0.47362938564010726,100.0,0.0,0.0,0.0
0.0327,-3.0131853071797705,3.2699999999998157,13.079999999999263,0.5136293856400904,100.0,0.0,0.0,0.0
0.0328,-3.003185307179774,3.2799999999998124,13.11999999999925,0.5536293856400771,100.0,0.0,0.0,0.0
0.0329,-2.993185307179778,3.289999999999808,13.159999999999233,0.5936293856400603,100.0,0.0,0.0,0.0
0.033,-2.9831853071797814,3.299999999999805,13.19999999999922,0.633629385640047,100.0,0.0,0.0,0.0
0.033100000000000004,-2.9731853071797847,3.3099999999998015,13.239999999999206,0.6736293856400337,100.0,0.0,0.0,0.0
0.0332,-2.963185307179789,3.3199999999997973,13.27999999999919,0.7136293856400169,100.0,0.0,0.0,0.0
0.0333,-2.953185307179792,3.329999999999794,13.319999999999176,0.7536293856400036,100.0,0.0,0.0,0.0
0.0334,-2.9431853071797964,3.33999999999979,13.35999999999916,0.7936293856399868,100.0,0.0,0.0,0.0
0.0335,-2.9331853071797998,3.3499999999997865,13.399999999999146,0.8336293856399735,100.0,0.0,0.0,0.0
0.033600000000000005,-2.923185307179803,3.359999999999783,13.439999999999133,0.8736293856399602,100.0,0.0,0.0,0.0
0.0337,-2.9131853071798073,3.369999999999779,13.479999999999116,0.9136293856399433,100.0,0.0,0.0,0.0
0.033800000000000004,-2.9031853071798106,3.3799999999997756,13.519999999999103,0.95362938563993,100.0,0.0,0.0,0.0
0.0339,-2.893185307179815,3.3899999999997714,13.559999999999086,0.9936293856399132,100.0,0.0,0.0,0.0
0.034,-2.883185307179818,3.399999999999768,13.599999999999072,1.0336293856399,100.0,0.0,0.0,0.0
0.0341,-2.8731853071798223,3.409999999999764,13.639999999999056,1.073629385639883,100.0,0.0,0.0,0.0
0.0342,-2.8631853071798257,3.4199999999997606,13.679999999999042,1.1136293856398698,100.0,0.0,0.0,0.0
0.034300000000000004,-2.853185307179829,3.4299999999997572,13.719999999999029,1.1536293856398565,100.0,0.0,0.0,0.0
0.0344,-2.843185307179833,3.439999999999753,13.759999999999012,1.1936293856398397,100.0,0.0,0.0,0.0
0.0345,-2.8331853071798365,3.4499999999997497,13.799999999998999,1.2336293856398264,100.0,0.0,0.0,0.0
0.0346,-2.8231853071798407,3.4599999999997455,13.839999999998982,1.2736293856398095,100.0,0.0,0.0,0.0
0.0347,-2.813185307179844,3.469999999999742,13.879999999998969,1.3136293856397963,100.0,0.0,0.0,0.0
0.034800000000000005,-2.8031853071798474,3.479999999999739,13.919999999998955,1.353629385639783,100.0,0.0,0.0,0.0
0.0349,-2.7931853071798516,3.4899999999997346,13.959999999998939,1.3936293856397661,100.0,0.0,0.0,0.0
0.035,-2.783185307179855,3.4999999999997313,13.999999999998925,1.4336293856397528,100.0,0.0,0.0,0.0
0.0351,-2.773185307179859,3.509999999999727,14.039999999998908,1.473629385639736,100.0,0.0,0.0,0.0
0.0352,-2.7631853071798624,3.519999999999724,14.079999999998895,1.5136293856397227,100.0,0.0,0.0,0.0
0.035300000000000005,-2.7531853071798658,3.5299999999997205,14.119999999998882,1.5536293856397094,100.0,0.0,0.0,0.0
0.0354,-2.74318530717987,3.5399999999997163,14.159999999998865,1.5936293856396926,100.0,0.0,0.0,0.0
0.035500000000000004,-2.7331853071798733,3.549999999999713,14.199999999998852,1.6336293856396793,100.0,0.0,0.0,0.0
0.0356,-2.7231853071798775,3.5599999999997087,14.239999999998835,1.6736293856396625,100.0,0.0,0.0,0.0
0.0357,-2.713185307179881,3.5699999999997054,14.279999999998822,1.7136293856396492,100.0,0.0,0.0,0.0
0.0358,-2.703185307179885,3.579999999999701,14.319999999998805,1.7536293856396323,100.0,0.0,0.0,0.0
0.0359,-2.6931853071798884,3.589999999999698,14.359999999998792,1.793629385639619,100.0,0.0,0.0,0.0
0.036000000000000004,-2.6831853071798917,3.5999999999996946,14.399999999998778,1.8336293856396058,100.0,0.0,0.0,0.0
0.0361,-2.673185307179896,3.6099999999996903,14.439999999998761,1.873629385639589,100.0,0.0,0.0,0.0
0.0362,-2.663185307179899,3.619999999999687,14.479999999998748,1.9136293856395756,100.0,0.0,0.0,0.0
0.0363,-2.6531853071799034,3.629999999999683,14.519999999998731,1.9536293856395588,100.0,0.0,0.0,0.0
0.0364,-2.6431853071799067,3.6399999999996795,14.559999999998718,1.9936293856395455,100.0,0.0,0.0,0.0
0.036500000000000005,-2.63318530717991,3.649999999999676,14.599999999998705,2.033629385639532,100.0,0.0,0.0,0.0
0.0366,-2.6231853071799143,3.659999999999672,14.639999999998688,2.0736293856395154,100.0,0.0,0.0,0.0
0.0367,-2.6131853071799176,3.6699999999996686,14.679999999998675,2.113629385639502,100.0,0.0,0.0,0.0
0.0368,-2.603185307179922,3.6799999999996644,14.719999999998658,2.1536293856394852,100.0,0.0,0.0,0.0
0.0369,-2.593185307179925,3.689999999999661,14.759999999998644,2.193629385639472,100.0,0.0,0.0,0.0
0.037000000000000005,-2.5831853071799284,3.699999999999658,14.799999999998631,2.2336293856394587,100.0,0.0,0.0,0.0
0.0371,-2.5731853071799327,3.7099999999996536,14.839999999998614,2.273629385639442,100.0,0.0,0.0,0.0
0.037200000000000004,-2.563185307179936,3.7199999999996503,14.879999999998601,2.3136293856394285,100.0,0.0,0.0,0.0
0.0373,-2.55318530717994,3.729999999999646,14.919999999998584,2.3536293856394117,100.0,0.0,0.0,0.0
0.0374,-2.5431853071799435,3.7399999999996427,14.95999999999857,2.3936293856393984,100.0,0.0,0.0,0.0
0.0375,-2.5331853071799477,3.7499999999996385,14.999999999998554,2.4336293856393816,100.0,0.0,0.0,0.0
0.0376,-2.523185307179951,3.759999999999635,15.03999999999854,2.4736293856393683,100.0,0.0,0.0,0.0
0.037700000000000004,-2.5131853071799544,3.769999999999632,15.079999999998527,2.513629385639355,100.0,0.0,0.0,0.0
0.0378,-2.5031853071799586,3.7799999999996277,15.11999999999851,2.553629385639338,100.0,0.0,0.0,0.0
0.0379,-2.493185307179962,3.7899999999996243,15.159999999998497,2.593629385639325,100.0,0.0,0.0,0.0
0.038,-2.483185307179966,3.79999999999962,15.19999999999848,2.633629385639308,100.0,0.0,0.0,0.0
0.0381,-2.4731853071799694,3.809999999999617,15.239999999998467,2.6736293856392948,100.0,0.0,0.0,0.0
0.038200000000000005,-2.4631853071799727,3.8199999999996135,15.279999999998454,2.7136293856392815,100.0,0.0,0.0,0.0
0.0383,-2.453185307179977,3.8299999999996093,15.319999999998437,2.7536293856392646,100.0,0.0,0.0,0.0
0.038400000000000004,-2.4431853071799803,3.839999999999606,15.359999999998424,2.7936293856392513,100.0,0.0,0.0,0.0
0.0385,-2.4331853071799845,3.8499999999996017,15.399999999998407,2.8336293856392345,100.0,0.0,0.0,0.0
0.0386,-2.423185307179988,3.8599999999995984,15.439999999998394,2.873629385639221,100.0,0.0,0.0,0.0
0.038700000000000005,-2.413185307179991,3.869999999999595,15.47999999999838,2.913629385639208,100.0,0.0,0.0,0.0
0.0388,-2.4031853071799953,3.879999999999591,15.519999999998364,2.953629385639191,100.0,0.0,0.0,0.0
0.038900000000000004,-2.3931853071799987,3.8899999999995876,15.55999999999835,2.993629385639178,100.0,0.0,0.0,0.0
0.039,-2.383185307180003,3.8999999999995834,15.599999999998333,3.033629385639161,100.0,0.0,0.0,0.0
0.0391,-2.373185307180006,3.90999999999958,15.63999999999832,3.0736293856391477,100.0,0.0,0.0,0.0
0.0392,-2.3631853071800104,3.919999999999576,15.679999999998303,3.113629385639131,100.0,0.0,0.0,0.0
0.0393,-2.3531853071800137,3.9299999999995725,15.71999999999829,3.1536293856391175,100.0,0.0,0.0,0.0
0.039400000000000004,-2.343185307180017,3.939999999999569,15.759999999998277,3.1936293856391043,100.0,0.0,0.0,0.0
0.0395,-2.3331853071800213,3.949999999999565,15.79999999999826,3.2336293856390874,100.0,0.0,0.0,0.0
0.0396,-2.3231853071800246,3.9599999999995616,15.839999999998247,3.273629385639074,100.0,0.0,0.0,0.0
0.0397,-2.313185307180029,3.9699999999995574,15.87999999999823,3.3136293856390573,100.0,0.0,0.0,0.0
0.0398,-2.303185307180032,3.979999999999554,15.919999999998216,3.353629385639044,100.0,0.0,0.0,0.0
0.039900000000000005,-2.2931853071800354,3.989999999999551,15.959999999998203,3.3936293856390307,100.0,0.0,0.0,0.0
0.04,-2.2831853071800396,3.9999999999995466,15.999999999998186,3.433629385639014,100.0,0.0,0.0,0.0
0.040100000000000004,-2.273185307180043,4.009999999999543,16.039999999998173,3.4736293856390006,100.0,0.0,0.0,0.0
0.0402,-2.263185307180047,4.0199999999995395,16.079999999998158,3.5136293856389855,100.0,0.0,0.0,0.0
0.0403,-2.2531853071800505,4.029999999999536,16.119999999998143,3.5536293856389705,100.0,0.0,0.0,0.0
0.040400000000000005,-2.243185307180054,4.039999999999532,16.159999999998128,3.5936293856389554,100.0,0.0,0.0,0.0
0.0405,-2.233185307180058,4.049999999999528,16.199999999998113,3.6336293856389403,100.0,0.0,0.0,0.0
0.040600000000000004,-2.2231853071800614,4.059999999999524,16.239999999998098,3.6736293856389253,100.0,0.0,0.0,0.0
0.0407,-2.2131853071800656,4.069999999999521,16.279999999998083,3.71362938563891,100.0,0.0,0.0,0.0
0.0408,-2.203185307180069,4.079999999999517,16.319999999998068,3.753629385638895,100.0,0.0,0.0,0.0
0.0409,-2.193185307180073,4.089999999999513,16.359999999998053,3.79362938563888,100.0,0.0,0.0,0.0
0.041,-2.1831853071800764,4.099999999999509,16.399999999998037,3.833629385638865,100.0,0.0,0.0,0.0
0.041100000000000005,-2.1731853071800797,4.1099999999995065,16.439999999998026,3.8736293856388535,100.0,0.0,0.0,0.0
0.0412,-2.163185307180084,4.119999999999502,16.479999999998007,3.913629385638835,100.0,0.0,0.0,0.0
0.0413,-2.1531853071800873,4.129999999999499,16.519999999997996,3.9536293856388234,100.0,0.0,0.0,0.0
0.0414,-2.1431853071800915,4.139999999999494,16.559999999997977,3.9936293856388048,100.0,0.0,0.0,0.0
0.0415,-2.133185307180095,4.149999999999491,16.599999999997966,4.033629385638793,100.0,0.0,0.0,0.0
0.041600000000000005,-2.123185307180098,4.1599999999994886,16.639999999997954,4.073629385638782,100.0,0.0,0.0,0.0
0.0417,-2.1131853071801023,4.169999999999484,16.679999999997936,4.113629385638763,100.0,0.0,0.0,0.0
0.041800000000000004,-2.1031853071801057,4.179999999999481,16.719999999997924,4.153629385638752,100.0,0.0,0.0,0.0
0.0419,-2.09318530718011,4.189999999999476,16.759999999997905,4.193629385638733,100.0,0.0,0.0,0.0
0.042,-2.083185307180113,4.1999999999994735,16.799999999997894,4.2336293856387215,100.0,0.0,0.0,0.0
0.042100000000000005,-2.0731853071801165,4.20999999999947,16.83999999999788,4.273629385638706,100.0,0.0,0.0,0.0
0.0422,-2.0631853071801207,4.219999999999466,16.879999999997864,4.313629385638691,100.0,0.0,0.0,0.0
0.042300000000000004,-2.053185307180124,4.229999999999462,16.91999999999785,4.353629385638676,100.0,0.0,0.0,0.0
0.0424,-2.0431853071801283,4.239999999999458,16.959999999997834,4.393629385638661,100.0,0.0,0.0,0.0
0.0425,-2.0331853071801316,4.249999999999455,16.99999999999782,4.433629385638646,100.0,0.0,0.0,0.0
0.0426,-2.023185307180136,4.259999999999451,17.039999999997804,4.473629385638631,100.0,0.0,0.0,0.0
0.0427,-2.013185307180139,4.269999999999447,17.07999999999779,4.513629385638616,100.0,0.0,0.0,0.0
0.042800000000000005,-2.0031853071801424,4.279999999999443,17.119999999997773,4.553629385638601,100.0,0.0,0.0,0.0
0.0429,-1.9931853071801466,4.28999999999944,17.15999999999776,4.593629385638586,100.0,0.0,0.0,0.0
0.043000000000000003,-1.9831853071801504,4.299999999999436,17.199999999997743,4.633629385638571,100.0,0.0,0.0,0.0
0.0431,-1.9731853071801546,4.309999999999432,17.23999999999773,4.673629385638556,100.0,0.0,0.0,0.0
0.0432,-1.9631853071801584,4.319999999999428,17.279999999997713,4.713629385638541,100.0,0.0,0.0,0.0
0.043300000000000005,-1.9531853071801621,4.3299999999994245,17.319999999997698,4.753629385638526,100.0,0.0,0.0,0.0
0.0434,-1.9431853071801664,4.33999999999942,17.35999999999768,4.793629385638507,100.0,0.0,0.0,0.0
0.043500000000000004,-1.9331853071801701,4.349999999999416,17.399999999997664,4.833629385638492,100.0,0.0,0.0,0.0
0.0436,-1.9231853071801743,4.3599999999994115,17.439999999997646,4.873629385638473,100.0,0.0,0.0,0.0
0.0437,-1.913185307180178,4.369999999999408,17.47999999999763,4.913629385638458,100.0,0.0,0.0,0.0
0.0438,-1.9031853071801823,4.379999999999404,17.519999999997616,4.953629385638443,100.0,0.0,0.0,0.0
0.0439,-1.893185307180186,4.3899999999994,17.5599999999976,4.993629385638428,100.0,0.0,0.0,0.0
0.044000000000000004,-1.8831853071801898,4.399999999999396,17.599999999997586,5.033629385638413,100.0,0.0,0.0,0.0
0.0441,-1.873185307180194,4.409999999999393,17.63999999999757,5.073629385638398,100.0,0.0,0.0,0.0
0.0442,-1.8631853071801978,4.419999999999389,17.679999999997555,5.113629385638383,100.0,0.0,0.0,0.0
0.0443,-1.853185307180202,4.429999999999384,17.719999999997537,5.153629385638364,100.0,0.0,0.0,0.0
0.0444,-1.8431853071802058,4.43999999999938,17.75999999999752,5.193629385638349,100.0,0.0,0.0,0.0
0.044500000000000005,-1.8331853071802096,4.449999999999377,17.799999999997507,5.233629385638334,100.0,0.0,0.0,0.0
0.0446,-1.8231853071802138,4.459999999999372,17.839999999997488,5.273629385638316,100.0,0.0,0.0,0.0
0.044700000000000004,-1.8131853071802175,4.469999999999368,17.879999999997473,5.313629385638301,100.0,0.0,0.0,0.0
0.0448,-1.8031853071802217,4.4799999999993645,17.919999999997458,5.3536293856382855,100.0,0.0,0.0,0.0
0.0449,-1.7931853071802255,4.489999999999361,17.959999999997443,5.39362938563827,100.0,0.0,0.0,0.0
0.045000000000000005,-1.7831853071802293,4.499999999999357,17.999999999997428,5.433629385638255,100.0,0.0,0.0,0.0
0.0451,-1.7731853071802335,4.509999999999353,18.039999999997413,5.47362938563824,100.0,0.0,0.0,0.0
0.045200000000000004,-1.7631853071802372,4.519999999999349,18.079999999997398,5.513629385638225,100.0,0.0,0.0,0.0
0.0453,-1.7531853071802415,4.529999999999345,18.11999999999738,5.553629385638207,100.0,0.0,0.0,0.0
0.0454,-1.7431853071802452,4.539999999999341,18.159999999997364,5.593629385638192,100.0,0.0,0.0,0.0
0.0455,-1.7331853071802494,4.549999999999336,18.199999999997345,5.633629385638173,100.0,0.0,0.0,0.0
0.0456,-1.7231853071802532,4.559999999999333,18.23999999999733,5.673629385638158,100.0,0.0,0.0,0.0
0.045700000000000005,-1.713185307180257,4.569999999999329,18.279999999997315,5.713629385638143,100.0,0.0,0.0,0.0
0.0458,-1.7031853071802612,4.579999999999325,18.3199999999973,5.753629385638128,100.0,0.0,0.0,0.0
0.0459,-1.693185307180265,4.589999999999321,18.359999999997285,5.793629385638113,100.0,0.0,0.0,0.0
0.046,-1.6831853071802692,4.5999999999993175,18.39999999999727,5.833629385638098,100.0,0.0,0.0,0.0
0.0461,-1.673185307180273,4.609999999999314,18.439999999997255,5.873629385638083,100.0,0.0,0.0,0.0
0.046200000000000005,-1.6631853071802767,4.61999999999931,18.47999999999724,5.9136293856380675,100.0,0.0,0.0,0.0
0.0463,-1.653185307180281,4.629999999999305,18.51999999999722,5.953629385638049,100.0,0.0,0.0,0.0
0.046400000000000004,-1.6431853071802847,4.639999999999302,18.559999999997206,5.993629385638034,100.0,0.0,0.0,0.0
0.0465,-1.6331853071802889,4.649999999999297,18.599999999997188,6.033629385638015,100.0,0.0,0.0,0.0
0.0466,-1.6231853071802926,4.659999999999293,18.639999999997173,6.073629385638,100.0,0.0,0.0,0.0
0.046700000000000005,-1.6131853071802964,4.669999999999289,18.679999999997158,6.113629385637985,100.0,0.0,0.0,0.0
0.0468,-1.6031853071803006,4.679999999999286,18.719999999997142,6.15362938563797,100.0,0.0,0.0,0.0
0.046900000000000004,-1.5931853071803044,4.689999999999282,18.759999999997127,6.193629385637955,100.0,0.0,0.0,0.0
0.047,-1.5831853071803086,4.699999999999278,18.799999999997112,6.23362938563794,100.0,0.0,0.0,0.0
0.0471,-1.5731853071803124,4.709999999999274,18.839999999997097,6.273629385637925,100.0,0.0,0.0,0.0
0.0472,-1.5631853071803166,4.71999999999927,18.87999999999708,0.03044407845831998,100.0,0.0,0.0,0.0
0.0473,-1.5531853071803203,4.729999999999266,18.919999999997064,0.07044407845830492,100.0,0.0,0.0,0.0
0.047400000000000005,-1.543185307180324,4.739999999999262,18.95999999999705,0.11044407845828985,100.0,0.0,0.0,0.0
0.0475,-1.5331853071803283,4.7499999999992575,18.99999999999703,0.15044407845827124,100.0,0.0,0.0,0.0
0.0476,-1.523185307180332,4.759999999999254,19.039999999997015,0.19044407845825617,100.0,0.0,0.0,0.0
0.0477,-1.5131853071803363,4.76999999999925,19.079999999997,0.2304440784582411,100.0,0.0,0.0,0.0
0.0478,-1.50318530718034,4.779999999999246,19.119999999996985,0.27044407845822604,100.0,0.0,0.0,0.0
0.047900000000000005,-1.4931853071803438,4.789999999999242,19.15999999999697,0.310444078458211,100.0,0.0,0.0,0.0
0.048,-1.483185307180348,4.799999999999239,19.199999999996955,0.3504440784581959,100.0,0.0,0.0,0.0
0.048100000000000004,-1.4731853071803518,4.809999999999235,19.23999999999694,0.39044407845818085,100.0,0.0,0.0,0.0
0.0482,-1.463185307180356,4.81999999999923,19.27999999999692,0.43044407845816224,100.0,0.0,0.0,0.0
0.0483,-1.4531853071803598,4.8299999999992265,19.319999999996906,0.4704440784581472,100.0,0.0,0.0,0.0
0.048400000000000006,-1.4431853071803635,4.839999999999223,19.35999999999689,0.5104440784581321,100.0,0.0,0.0,0.0
0.0485,-1.4331853071803677,4.849999999999218,19.399999999996872,0.5504440784581135,100.0,0.0,0.0,0.0
0.048600000000000004,-1.4231853071803715,4.859999999999214,19.439999999996857,0.5904440784580984,100.0,0.0,0.0,0.0
0.0487,-1.4131853071803757,4.8699999999992105,19.479999999996842,0.6304440784580834,100.0,0.0,0.0,0.0
0.0488,-1.4031853071803795,4.879999999999207,19.519999999996827,0.6704440784580683,100.0,0.0,0.0,0.0
0.0489,-1.3931853071803837,4.889999999999203,19.559999999996812,0.7104440784580532,100.0,0.0,0.0,0.0
0.049,-1.3831853071803875,4.899999999999199,19.599999999996797,0.7504440784580382,100.0,0.0,0.0,0.0
0.049100000000000005,-1.3731853071803912,4.9099999999991955,19.639999999996782,0.7904440784580231,100.0,0.0,0.0,0.0
0.0492,-1.3631853071803954,4.919999999999191,19.679999999996763,0.8304440784580045,100.0,0.0,0.0,0.0
0.049300000000000004,-1.3531853071803992,4.929999999999187,19.719999999996748,0.8704440784579894,100.0,0.0,0.0,0.0
0.0494,-1.3431853071804034,4.939999999999182,19.75999999999673,0.9104440784579708,100.0,0.0,0.0,0.0
0.0495,-1.3331853071804072,4.949999999999179,19.799999999996714,0.9504440784579558,100.0,0.0,0.0,0.0
0.049600000000000005,-1.323185307180411,4.959999999999175,19.8399999999967,0.9904440784579407,100.0,0.0,0.0,0.0
0.0497,-1.3131853071804152,4.969999999999171,19.879999999996684,1.0304440784579256,100.0,0.0,0.0,0.0
0.049800000000000004,-1.303185307180419,4.979999999999167,19.91999999999667,1.0704440784579106,100.0,0.0,0.0,0.0
0.0499,-1.2931853071804231,4.9899999999991635,19.959999999996654,1.1104440784578955,100.0,0.0,0.0,0.0
0.05,-1.283185307180427,4.99999999999916,19.99999999999664,1.1504440784578804,100.0,0.0,0.0,0.0
