time_s,ia_A,ib_A,ic_A,ea_V,eb_V,ec_V,speed_rad_s,electromagnetic_torque_Nm,phase_cmd_a,phase_cmd_b,phase_cmd_c
0.0,0.0,0.0,0.0,0.0,-119.76664369760206,119.76664369760206,300.0,0.0,0.0,1.0,-1.0
0.0002,0.0,4.444591788038749,-4.444591788038749,12.450728857162032,-119.93293735540921,119.31869834845895,299.63930823034906,-3.5488529912997127,0.0,-1.0,1.0
0.0004,0.0,4.406517694594088,-4.406517694594088,25.52321834492335,-119.95244525269696,119.06729575018953,299.24107954128914,-3.5197196845468177,0.0,-1.0,1.0
0.0006000000000000001,0.0,4.3645719737752655,-4.3645719737752655,39.58708043075312,-119.80839599033602,119.19944312783062,298.84267597423406,-3.490689248873138,0.0,-1.0,1.0
0.0008,0.0,4.327043037320694,-4.327043037320694,54.52468940685146,-119.55204189238493,119.7281258012389,298.44348168530627,-3.4692517917994765,0.0,-1.0,1.0
0.001,0.0,4.300642775364031,-4.300642775364031,69.71439524681566,-119.26498017035641,120.40102165924762,298.04293465782877,-3.4582865064464463,0.0,-1.0,1.0
0.0012000000000000001,0.0,4.281541530858796,-4.281541530858796,84.18396211266017,-119.00932205502055,120.66684281284252,297.6412429719603,-3.447719286454493,0.0,-1.0,1.0
0.0014,0.0,4.24597054227263,-4.24597054227263,96.87811163009061,-118.80450360769163,119.74597775461365,297.24019820380425,-3.4076088053703257,0.0,-1.0,1.0
0.0016,0.0,4.144491822629627,-4.144491822629627,106.94859453712768,-118.63570656613766,116.80019411644327,296.84372714623873,-3.287124085501368,0.0,-1.0,1.0
0.0018000000000000002,-2.7851865212013562,5.295515648515591,-2.510329127314235,113.96841286852805,-118.47631121679287,111.15205655562836,296.4459542333776,-4.128390605594383,-1.0,-1.0,0.0
0.002,-4.313529135982986,4.313529135982986,0.0,118.01133280117324,-118.30955203671662,102.49163601680948,296.022389324861,-3.443580820067068,1.0,-1.0,0.0
0.0022,-4.219427535170069,4.219427535170069,0.0,119.6266670767631,-118.17233147394265,91.02658781555859,295.62407382403103,-3.3940931445182985,1.0,-1.0,0.0
0.0024000000000000002,-4.141838257076749,4.141838257076749,0.0,119.59861668659691,-118.07744263702975,77.4078180919754,295.2239966820546,-3.3344707962815763,1.0,-1.0,0.0
0.0026000000000000003,-4.0455564478370345,4.0455564478370345,0.0,118.7637361254052,-118.0290550123111,62.60840194277442,294.8250518450882,-3.2492442449967336,1.0,-1.0,0.0
0.0028,-4.643279158235403,4.643279158235403,0.0,117.80078753673479,-117.99044681567966,47.65524019742202,294.42754453175826,-3.718553323210121,-1.0,1.0,0.0
0.003,-5.84102857106963,5.84102857106963,0.0,117.11478572846849,-117.8886892876153,33.35693661348729,294.02643872813326,-4.668498580628673,-1.0,1.0,0.0
0.0032,-5.84519302378292,5.84519302378292,0.0,116.82859635069359,-117.653246900497,20.104964683948392,293.6219269385054,-4.667879026155525,1.0,-1.0,0.0
0.0034000000000000002,-5.65622640294268,5.65622640294268,0.0,116.8547923863535,-117.26479055594126,7.808592707695443,293.2183195925615,-4.516202699490984,1.0,-1.0,0.0
0.0036000000000000003,-5.457171313443891,5.457171313443891,0.0,117.00731885275104,-116.78983675510025,-4.012285280992517,292.81576718508364,-4.357248733608966,1.0,-1.0,0.0
0.0038,-5.248699012043474,5.248699012043474,0.0,117.11226275010776,-116.38213047374107,-16.007811716292803,292.4144206124339,-4.191112697058259,1.0,-1.0,0.0
0.004,-5.032673347386515,5.032673347386515,0.0,117.0751318764527,-116.23000735923259,-28.72769518202047,292.01434901294556,-4.0208591119187815,1.0,-1.0,0.0
0.004200000000000001,-4.814708896597387,4.814708896597387,0.0,116.89371486899172,-116.45960236026573,-42.388204455569834,291.61535426019117,-3.8527748148396883,1.0,-1.0,0.0
0.0044,-4.602933958979656,4.602933958979656,0.0,116.62765793023321,-117.02489275651884,-56.75170844761888,291.2169498434928,-3.693079200013117,1.0,-1.0,0.0
0.0046,-4.4022541892173725,4.4022541892173725,0.0,116.3504286763381,-117.62852415879485,-71.15513857243151,290.8186882534459,-3.541845372775672,1.0,-1.0,0.0
0.0048000000000000004,-4.2057618992071095,4.2057618992071095,0.0,116.11044745675753,-117.71373435656552,-84.67438347928935,290.42087589414814,-3.3861506407073176,1.0,-1.0,0.0
0.005,-4.100274156595747,4.100274156595747,0.0,115.9175663321039,-116.54683162806349,-96.36851146183889,290.02548052492705,-3.2864966262946704,-1.0,1.0,0.0
0.005200000000000001,-5.973408181169221,5.973408181169221,0.0,115.75067788724776,-113.37365199992406,-105.52084129944772,289.62553918390716,-4.725595506906857,1.0,-1.0,0.0
0.0054,-5.409794535589445,1.1009714787689795,4.308823056820465,115.59380769724997,-107.62743676369934,-111.82021748603306,289.2334554199061,-4.237570017553888,1.0,0.0,1.0
0.0056,-5.703717046602778,0.0,5.703717046602778,115.43624039656319,-99.08182941660368,-115.395349971376,288.83103901719966,-4.558367692599832,-1.0,0.0,1.0
0.0058000000000000005,-5.765977336089893,0.0,5.765977336089893,115.29647155537901,-87.96004119572164,-116.763349987789,288.4226726113945,-4.63920419126617,1.0,0.0,-1.0
0.006,-5.507077471163733,0.0,5.507077471163733,115.19819600726204,-74.89560114457373,-116.66003089345945,288.01516336764587,-4.433312478895576,1.0,0.0,-1.0
0.006200000000000001,-5.230877546451091,0.0,5.230877546451091,115.14315186386364,-60.78157823777492,-115.84097925258614,287.6101587883838,-4.200998011104855,1.0,0.0,-1.0
0.0064,-4.925544139112868,0.0,4.925544139112868,115.097118256014,-46.54742682471359,-114.91546235385673,287.2087402449664,-3.944647079259736,1.0,0.0,-1.0
0.0066,-4.593600922589714,0.0,4.593600922589714,114.99575536159604,-32.92437239009295,-114.25023710193518,286.8114569479626,-3.6716266975050917,1.0,0.0,-1.0
0.0068000000000000005,-4.243023486688925,0.0,4.243023486688925,114.77457024081107,-20.273022983935206,-113.959862410832,286.4184452031841,-3.3884883680131033,1.0,0.0,-1.0
0.007,-4.83969201484187,0.0,4.83969201484187,114.41093178452522,-8.5265154150501,-113.96812186670681,286.0279662679056,-3.8642524950785964,-1.0,0.0,1.0
0.007200000000000001,-5.790010528694492,0.0,5.790010528694492,113.95182292748143,2.7330903657490335,-114.1008390273235,285.62123405943106,-4.623001221051991,1.0,0.0,-1.0
0.0074,-5.40245389502157,0.0,5.40245389502157,113.53754653358877,14.090435188103315,-114.20275942859655,285.2153530017808,-4.313780762675599,1.0,0.0,-1.0
0.0076,-5.007816614571237,0.0,5.007816614571237,113.34059360990456,26.066803775296606,-114.17995553630239,284.8138489543891,-4.000441658134435,1.0,0.0,-1.0
0.0078000000000000005,-4.610889167766894,0.0,4.610889167766894,113.48954613164331,38.91025999057068,-114.01997496526296,284.41664576128267,-3.688325567519793,1.0,0.0,-1.0
0.008,-4.21922021772783,0.0,4.21922021772783,113.97497973153719,52.47558212569404,-113.77073043917568,284.0233082761628,-3.383205803372795,1.0,0.0,-1.0
0.0082,-5.1294828300680235,0.0,5.1294828300680235,114.57288052711013,66.22691324935748,-113.49843909328516,283.63009309118434,-4.124696026693001,-1.0,0.0,1.0
0.008400000000000001,-5.74504243267166,0.0,5.74504243267166,114.81940446586319,79.3562772591258,-113.24655081303747,283.2190854543021,-4.626272231701321,1.0,0.0,-1.0
0.0086,-5.352212663707501,0.0,5.352212663707501,114.08620999397793,90.99865085442609,-113.039606739011,282.81061768487103,-4.298373528280167,1.0,0.0,-1.0
0.0088,-4.9082347340113515,0.0,4.9082347340113515,111.6834424316625,100.43766594739698,-112.86737566482834,282.40946883854133,-3.9026599549393275,1.0,0.0,-1.0
0.009000000000000001,-4.219823763856582,-0.262696673855028,4.48252043771161,107.03180537575925,107.2775363065354,-112.71146307992421,282.0214244755677,-3.4928844375284953,0.0,-1.0,-1.0
0.0092,0.0,-4.49840745224956,4.49840745224956,99.80623071192294,111.50148554206653,-112.54772445042593,281.6092895734146,-3.57894669393748,0.0,1.0,-1.0
0.0094,0.0,-4.033297767024268,4.033297767024268,90.0861707608058,113.49105984799611,-112.40452583104675,281.21941993580015,-3.239833726660555,0.0,1.0,-1.0
0.009600000000000001,0.0,-5.890535807579087,5.890535807579087,78.3044283131321,113.84329159512902,-112.28735203995022,280.8152784175518,-4.7434408164313195,0.0,1.0,-1.0
0.0098,0.0,-5.439575601467242,5.439575601467242,65.20059567547331,113.25621614005479,-112.20974505945425,280.40432794098956,-4.373823865373113,0.0,1.0,-1.0
0.01,0.0,-4.9642007375427495,4.9642007375427495,51.63091470270431,112.35506842355896,-112.16008241671297,280.0003174055903,-3.9804893355758297,0.0,1.0,-1.0
0.0102,0.0,-4.462084461030354,4.462084461030354,38.35804761481192,111.57321230070659,-112.09027126621784,279.6042499473082,-3.5693497316724154,0.0,1.0,-1.0
0.010400000000000001,0.0,-4.393291829305411,4.393291829305411,25.87663213444976,111.11631358958374,-111.93752395108089,279.21621979167344,-3.5096120228751886,0.0,-1.0,1.0
0.0106,0.0,-5.706900419526496,5.706900419526496,14.313333425013804,110.97944028375329,-111.64707947352457,278.8087313457349,-4.556913884540613,0.0,1.0,-1.0
0.0108,0.0,-5.151890539073059,5.151890539073059,3.442698914518674,111.05119508245211,-111.23820022239235,278.4030752422901,-4.1134985007282685,0.0,1.0,-1.0
0.011000000000000001,0.0,-4.589634747361044,4.589634747361044,-7.206586056596579,111.17626537147906,-110.79701479493914,278.0060597246055,-3.6645829973875648,0.0,1.0,-1.0
0.0112,0.0,-4.0207785570075245,4.0207785570075245,-18.164953691416148,111.22994090831085,-110.46541748295012,277.61798291456995,-3.2108436703179377,0.0,1.0,-1.0
0.0114,0.0,-5.757253813467295,5.757253813467295,-29.820556996754082,111.14682403404541,-110.38241648549983,277.2134857983843,-4.600786506119894,0.0,1.0,-1.0
0.011600000000000001,0.0,-5.173395913707393,5.173395913707393,-42.270071262605406,110.94566303950829,-110.63282419463447,276.80632429977175,-4.141210441352351,0.0,1.0,-1.0
0.0118,0.0,-4.597826241400929,4.597826241400929,-55.25493565825952,110.68498380386687,-111.15171085637009,276.40756155609654,-3.6900820305796227,0.0,1.0,-1.0
0.012,0.0,-4.034133596524359,4.034133596524359,-68.19979738541791,110.42363852611761,-111.66988565977677,276.0167272749833,-3.24601684953757,0.0,1.0,-1.0
0.0122,0.0,-5.783279459704578,5.783279459704578,-80.3379199620923,110.189106201918,-111.71090111878149,275.60994073290067,-4.656253511878147,0.0,1.0,-1.0
0.012400000000000001,0.0,-5.195920291687987,5.195920291687987,-90.90819454527393,109.99309593577115,-110.68111661820913,275.2002795922125,-4.166440603041961,0.0,1.0,-1.0
0.0126,0.0,-4.54907879684448,4.54907879684448,-99.32978394868125,109.82725128874998,-107.97532203913995,274.80388312524957,-3.6054842346331903,0.0,1.0,-1.0
0.0128,2.465529137568563,-5.014465297063414,2.5489361594948514,-105.32020450062275,109.67258087374174,-103.11156247852693,274.41767006309794,-3.9080725873762514,1.0,1.0,0.0
0.013000000000000001,4.731908822350826,-4.731908822350826,0.0,-108.93533978118266,109.51299777882173,-95.85991597819942,274.0143063440304,-3.772349077388147,1.0,-1.0,0.0
0.0132,5.55610275153244,-5.55610275153244,0.0,-110.55165958947036,109.3634031366679,-86.33990478203815,273.6027703666083,-4.465856407370824,-1.0,1.0,0.0
0.0134,4.927420325704958,-4.927420325704958,0.0,-110.74417746036478,109.24723489768398,-75.0001890780323,273.19638968770556,-3.967805570098177,-1.0,1.0,0.0
0.013600000000000001,4.291355166134325,-4.291355166134325,0.0,-110.13904988178724,109.17429805531204,-62.52324322715007,272.8009696207656,-3.4499564645258696,-1.0,1.0,0.0
0.013800000000000002,5.960283158807091,-5.960283158807091,0.0,-109.27708049864037,109.12233853995329,-49.671743186301484,272.4053599266254,-4.778622489438578,-1.0,1.0,0.0
0.014,5.266412450224553,-5.266412450224553,0.0,-108.5291878906216,109.04021072623918,-37.11934422470165,271.9939193485244,-4.2126316367958925,-1.0,1.0,0.0
0.0142,4.554206575736212,-4.554206575736212,0.0,-108.08528996120957,108.88328645337151,-25.306587776672462,271.59611807635,-3.638195289513062,-1.0,1.0,0.0
0.014400000000000001,5.003818638787604,-5.003818638787604,0.0,-107.94890643695113,108.61136428346296,-14.345916278227522,271.2096529581633,-3.995537427345396,1.0,-1.0,0.0
0.0146,5.427226571495221,-5.427226571495221,0.0,-107.99934674258547,108.21773454227093,-4.037490970464432,270.79782873181705,-4.3333400945487,-1.0,1.0,0.0
0.0148,4.677586009950646,-4.677586009950646,0.0,-108.10942909871554,107.78861537240904,6.031579007376242,270.39775723372475,-3.7348004758816087,-1.0,1.0,0.0
0.015000000000000001,4.450189443195071,-4.450189443195071,0.0,-108.16415214148664,107.44914938856407,16.340205003109777,270.01180995462704,-3.55362248207849,1.0,-1.0,0.0
0.0152,5.497909825837203,-5.497909825837203,0.0,-108.09151803725861,107.32008064606956,27.256646618680882,269.6014562065173,-4.392830668144369,-1.0,1.0,0.0
0.0154,4.727470693797479,-4.727470693797479,0.0,-107.90957146758653,107.49861869516627,38.9099922642248,269.19961908321403,-3.782828184030914,-1.0,1.0,0.0
0.015600000000000001,4.201762683130641,-4.201762683130641,0.0,-107.66547622943186,107.95107419136579,51.12130449017517,268.8120223935086,-3.370271788280485,1.0,-1.0,0.0
0.0158,5.54769548388975,-5.54769548388975,0.0,-107.39845091924808,108.45738174685943,63.41442312284643,268.4007763336611,-4.461620582514101,-1.0,1.0,0.0
0.016,4.79155404021416,-4.79155404021416,0.0,-107.15894845861672,108.64762734508285,75.13658528843418,267.9951526518275,-3.8584610951542473,-1.0,1.0,0.0
0.0162,4.027618198453386,-4.027618198453386,0.0,-106.96296903230352,108.01124368855132,85.59433131010852,267.6046809217382,-3.23549666011231,-1.0,1.0,0.0
0.0164,5.5642317243096455,-5.5642317243096455,0.0,-106.78787056422965,105.97932911384616,94.19681449814462,267.19676551524975,-4.430764721490262,-1.0,1.0,0.0
0.0166,4.6569988886512865,-4.6569988886512865,0.0,-106.62798243715126,102.08566593034553,100.61157964058157,266.7996190323903,-3.643105758617244,-1.0,1.0,0.0
0.016800000000000002,4.95883788500358,0.0,-4.95883788500358,-106.47086558105971,96.04392401691916,104.79474221090386,266.40557043808417,-3.932469947960711,-1.0,0.0,1.0
0.017,4.103239325791657,0.0,-4.103239325791657,-106.3226032007928,87.84786440140886,106.9920345319582,266.0166748785594,-3.290323851734496,-1.0,0.0,1.0
0.0172,5.633724726360488,0.0,-5.633724726360488,-106.18952248970021,77.77934037409618,107.65023446630302,265.60986816535143,-4.535653492708244,-1.0,0.0,1.0
0.017400000000000002,4.810222313372423,0.0,-4.810222313372423,-106.09135496155945,66.38040003235332,107.32939775630533,265.2028457799594,-3.8710039624235004,-1.0,0.0,1.0
0.0176,4.159757816806276,0.0,-4.159757816806276,-106.030636405026,54.324815422461135,106.56754932421671,264.8138870464478,-3.3395414975761275,1.0,0.0,-1.0
0.0178,5.459342481622807,0.0,-5.459342481622807,-105.96184403379799,42.26381196674041,105.76237294345538,264.4027333265299,-4.371645472759811,-1.0,0.0,1.0
0.018000000000000002,4.566164399411679,0.0,-4.566164399411679,-105.85041138452817,30.7134500996757,105.17457755805339,264.00262349407063,-3.64986824427334,-1.0,0.0,1.0
0.0182,5.858975354972188,0.0,-5.858975354972188,-105.64966858019565,19.929631723339938,104.88420274894088,263.61382119474524,-4.679241619099465,1.0,0.0,-1.0
0.0184,5.097884891889586,0.0,-5.097884891889586,-105.3265605131138,9.882283895185992,104.82945699686027,263.2021557046227,-4.070449893298361,-1.0,0.0,1.0
0.018600000000000002,4.165848898028641,0.0,-4.165848898028641,-104.92842874738695,0.3028855174698858,104.9118234391938,262.8113876759536,-3.3261982711775113,-1.0,0.0,1.0
0.0188,5.592411157734055,0.0,-5.592411157734055,-104.5262374881025,-9.219205033372383,104.99499838979213,262.40821728135666,-4.465290414474435,-1.0,0.0,1.0
0.019,4.6379206471912395,0.0,-4.6379206471912395,-104.24545994260434,-19.091488415750067,104.9981331510576,262.0064692750057,-3.7039359500813447,-1.0,0.0,1.0
0.019200000000000002,5.701103068474113,0.0,-5.701103068474113,-104.20413762480055,-29.585759567564242,104.89497681630566,261.61876309756855,-4.556613557991741,1.0,0.0,-1.0
0.0194,5.089805022389262,0.0,-5.089805022389262,-104.435961664467,-40.73201729670768,104.68756665252586,261.205989981211,-4.074937120715177,-1.0,0.0,1.0
0.0196,4.134470264715913,0.0,-4.134470264715913,-104.89037876121304,-52.301226216172914,104.43940826666555,260.8142869953231,-3.318329643504531,-1.0,0.0,1.0
0.0198,5.554530363314385,0.0,-5.554530363314385,-105.33250304369206,-63.82001767636267,104.18271518571191,260.40733663910214,-4.468993294319177,-1.0,0.0,1.0
0.02,4.603418975624312,0.0,-4.603418975624312,-105.40124439611537,-74.68792266171101,103.95448037532763,260.0031296110893,-3.7066942906034033,-1.0,0.0,1.0
0.020200000000000003,5.907299808284047,0.0,-5.907299808284047,-104.63046472256801,-84.29840674969829,103.76532616977242,259.6116792354242,-4.74191461343757,1.0,0.0,-1.0
0.0204,5.0004354306744245,0.0,-5.0004354306744245,-102.51730771526334,-92.15181935978458,103.59151039970749,259.19996510762337,-3.976211324907384,-1.0,0.0,1.0
0.0206,4.530785329982246,0.0,-4.530785329982246,-98.67423986615754,-97.99425709228369,103.43837151756591,258.818722421627,-3.5381090134971553,1.0,0.0,-1.0
0.020800000000000003,0.0,5.03698973724276,-5.03698973724276,-92.82086895238369,-101.76136287473253,103.24363655033596,258.3303714679902,-3.9972383902040685,0.0,-1.0,1.0
0.021,0.0,4.0652485877545335,-4.0652485877545335,-85.04686586379621,-103.76699296112362,103.09602620095355,257.9432736167748,-3.2602113818120664,0.0,1.0,-1.0
0.0212,0.0,5.348504333521791,-5.348504333521791,-75.57007492809183,-104.37225063578636,102.95890984722065,257.5308681154138,-4.3059366763773745,0.0,-1.0,1.0
0.021400000000000002,0.0,4.329239245279264,-4.329239245279264,-64.8782258408318,-104.0831322894561,102.85922250055954,257.13232537721586,-3.4842097840212887,0.0,-1.0,1.0
0.0216,0.0,5.6771145021146685,-5.6771145021146685,-53.557641943116735,-103.36463414011294,102.78659878180746,256.7306584166463,-4.558645863598068,0.0,-1.0,1.0
0.0218,0.0,4.611076964693936,-4.611076964693936,-42.19754568289834,-102.59100102323637,102.71647463847759,256.3262639752885,-3.693295244198843,0.0,-1.0,1.0
0.022000000000000002,0.0,5.9204960021019115,-5.9204960021019115,-31.26666554500451,-102.00077479845616,102.61349327967315,255.9343635189355,-4.733314977611225,0.0,-1.0,1.0
0.0222,0.0,4.810468694067039,-4.810468694067039,-21.01856962782185,-101.6692955118222,102.4231821057405,255.5257472376964,-3.8421978406762527,0.0,-1.0,1.0
0.0224,0.0,5.5313763385853125,-5.5313763385853125,-11.469544726257556,-101.58303163553347,102.13871545543269,255.1391955167184,-4.416654404009016,0.0,1.0,-1.0
0.022600000000000002,0.0,4.959283006939126,-4.959283006939126,-2.410666314302151,-101.62703042105781,101.75848306576472,254.72722420131703,-3.9597115073009634,0.0,-1.0,1.0
0.0228,0.0,4.882221251763536,-4.882221251763536,6.502397444878746,-101.71051079035679,101.36793430180977,254.34165260055755,-3.8981971307750185,0.0,1.0,-1.0
0.023,0.0,5.072063805343105,-5.072063805343105,15.641851654031344,-101.7255593503734,101.04675992029138,253.92916495811798,-4.0502403159079705,0.0,-1.0,1.0
0.023200000000000002,0.0,4.406066425332516,-4.406066425332516,25.292630926153603,-101.65205486369501,100.92226713434655,253.5425925139146,-3.520339166450248,0.0,1.0,-1.0
0.0234,0.0,5.158078278075043,-5.158078278075043,35.551044085086325,-101.47351398129105,101.04054055649254,253.13063681917708,-4.126657123935734,0.0,-1.0,1.0
0.0236,0.0,4.000849265998969,-4.000849265998969,46.29530257613183,-101.24344258524103,101.4000742277416,252.741305065956,-3.2078103153305193,0.0,-1.0,1.0
0.0238,0.0,5.247085890783569,-5.247085890783569,57.17459366132502,-100.98693247719021,101.839948428797,252.32950144772178,-4.217699709972036,0.0,-1.0,1.0
0.024,0.0,4.098083023390029,-4.098083023390029,67.70079965634007,-100.7538710000641,102.10202824939724,251.93585765755287,-3.2997300369950464,0.0,-1.0,1.0
0.024200000000000003,0.0,5.342803005946633,-5.342803005946633,77.31645632496756,-100.54492045500173,101.79027851568688,251.52565606122104,-4.297919847215436,0.0,-1.0,1.0
0.0244,0.0,4.156799006716122,-4.156799006716122,85.53824702096563,-100.36946378145444,100.4846981543081,251.1311413483891,-3.3245991570241893,0.0,-1.0,1.0
0.0246,0.0,5.321126493729111,-5.321126493729111,92.0173790851615,-100.20462702594979,97.76990872005658,250.72718694851693,-4.2015688847420645,0.0,-1.0,1.0
0.024800000000000003,-4.221189918751248,6.067900949843094,-1.8467110310918458,96.6224265841122,-100.04025182361131,93.35367262857461,250.31608193899936,-4.743175907533711,-1.0,-1.0,0.0
0.025,-5.455013307070257,5.455013307070257,0.0,99.44062616682253,-99.87253253988864,87.1225856903567,249.89224068025285,-4.350899131800187,1.0,-1.0,0.0
0.0252,-4.217913197008407,4.217913197008407,0.0,100.76670580480005,-99.72645736843319,79.19340684961828,249.496299571693,-3.3894801658785263,1.0,-1.0,0.0
0.025400000000000002,-5.41180136764437,5.41180136764437,0.0,100.98306742936482,-99.59920322671711,69.86224920599845,249.0892298832536,-4.357921886749455,1.0,-1.0,0.0
0.0256,-4.184963766940707,4.184963766940707,0.0,100.53335750326045,-99.50585552139502,59.59957364781746,248.69234540815123,-3.366234924125163,1.0,-1.0,0.0
0.0258,-5.353274844856667,5.353274844856667,0.0,99.80332075354917,-99.42946460793763,48.93086954402905,248.28491623402334,-4.295661107101206,1.0,-1.0,0.0
0.026000000000000002,-4.081311551376371,4.081311551376371,0.0,99.09918290582684,-99.35348469366933,38.35837476845091,247.8921110093109,-3.2673373968115387,1.0,-1.0,0.0
0.0262,-5.209678295193703,5.209678295193703,0.0,98.58024272144098,-99.22755165436766,28.24664845302711,247.48375321443265,-4.163970198427119,1.0,-1.0,0.0
0.0264,-4.463475888587505,4.463475888587505,0.0,98.3123455851462,-99.03083869432335,18.78095672353509,247.0962790258272,-3.5647503405602707,-1.0,1.0,0.0
0.026600000000000002,-5.003259411606918,5.003259411606918,0.0,98.23783590132243,-98.73092860011454,9.930081065717513,246.68489726949122,-3.9949175474159895,1.0,-1.0,0.0
0.0268,-5.512861043581534,5.512861043581534,0.0,98.28683792622749,-98.36847881396157,1.4923687688384428,246.298102895874,-4.401712485493681,-1.0,1.0,0.0
0.027,-4.757599324574066,4.757599324574066,0.0,98.34320628710734,-97.98526402321997,-6.844573636466065,245.8873895194379,-3.798699069393447,1.0,-1.0,0.0
0.027200000000000002,-5.8430444465352265,5.8430444465352265,0.0,98.35082459076192,-97.68828547870288,-15.40490985137194,245.49517830142995,-4.665937805053918,1.0,-1.0,0.0
0.0274,-4.478958557648966,4.478958557648966,0.0,98.26365518388697,-97.55794579436781,-24.428938744235015,245.0913339628575,-3.578571389256025,1.0,-1.0,0.0
0.027600000000000003,-5.55165928018619,5.55165928018619,0.0,98.09244626618101,-97.65823058442415,-34.00272829791419,244.69213995600495,-4.44125856243598,1.0,-1.0,0.0
0.027800000000000002,-4.186251400591129,4.186251400591129,0.0,97.86621124006444,-97.97224073878644,-44.01852504882256,244.2956552457525,-3.3558885566808176,1.0,-1.0,0.0
0.028,-5.26042509391983,5.26042509391983,0.0,97.61735493764506,-98.37580326278021,-54.18209474525775,243.88822164750022,-4.227376462338003,1.0,-1.0,0.0
0.028200000000000003,-4.435479708443002,4.435479708443002,0.0,97.38756797279099,-98.6499782697335,-64.07412848651131,243.4976031851297,-3.5709614677011134,-1.0,1.0,0.0
0.0284,-4.975979550789057,4.975979550789057,0.0,97.17532097701095,-98.45407510443246,-73.20551401212666,243.0830147889603,-4.004590264274955,1.0,-1.0,0.0
0.0286,-5.8335358195168014,5.8335358195168014,0.0,96.99879617821023,-97.4327005742273,-81.14705163968975,242.6926802850079,-4.673495300375874,-1.0,1.0,0.0
0.028800000000000003,-4.594587624555946,4.594587624555946,0.0,96.83079281835779,-95.2058331848736,-87.55937889870664,242.28482999688944,-3.6417018156161625,1.0,-1.0,0.0
0.029,-6.0710210682591965,4.987216776717468,1.083804291541728,96.67326339987467,-91.50344006095071,-92.29718736592417,241.89138085967838,-4.726439585976756,1.0,0.0,1.0
0.0292,-4.114430034024086,0.0,4.114430034024086,96.4916716889167,-86.1564247218139,-95.36199583534955,241.43551527023587,-3.2694795996188954,1.0,0.0,-1.0
0.029400000000000003,-5.108469461062388,0.0,5.108469461062388,96.3357886879894,-79.24164188456302,-96.99872688674458,241.0283460761542,-4.097623722110958,1.0,0.0,-1.0
0.0296,-5.425793127181019,0.0,5.425793127181019,96.20407609838206,-70.96146574223489,-97.51729261613987,240.6386728890695,-4.367926644292496,-1.0,0.0,1.0
0.0298,-4.6930714638848645,0.0,4.6930714638848645,96.08867518129627,-61.66739765684987,-97.2769818941913,240.2249285268426,-3.7776214686849867,1.0,0.0,-1.0
0.030000000000000002,-5.698223865486599,0.0,5.698223865486599,96.00392293048453,-51.820712868881145,-96.65832815046771,239.82706266246495,-4.5776011468436915,1.0,0.0,-1.0
0.0302,-4.225613699766712,0.0,4.225613699766712,95.92597343534159,-41.87225951829791,-95.95240570603234,239.42713597634588,-3.386432804629648,1.0,0.0,-1.0
0.0304,-5.188480257055981,0.0,5.188480257055981,95.82347088199735,-32.20277491668948,-95.35753352951409,239.02130990221127,-4.150001802429594,1.0,0.0,-1.0
0.030600000000000002,-5.388282003136208,0.0,5.388282003136208,95.67202022909981,-23.05819717644239,-94.97719604098538,238.63344084975347,-4.304810496308042,-1.0,0.0,1.0
0.0308,-4.611393680181163,0.0,4.611393680181163,95.431450079351,-14.505334899301289,-94.7985328831069,238.2237527252124,-3.6823588377684366,1.0,0.0,-1.0
0.031,-5.540664514528574,0.0,5.540664514528574,95.11500189064658,-6.4510076742677445,-94.77683452909997,237.8260929624144,-4.423934087904437,1.0,0.0,-1.0
0.031200000000000002,-4.02722559907099,0.0,4.02722559907099,94.75259512741889,1.3295398483304046,-94.82535212887213,237.43415482459022,-3.2155153194952,-1.0,0.0,1.0
0.031400000000000004,-4.902359415224537,0.0,4.902359415224537,94.39914623749806,9.120261113027126,-94.85592948077735,237.0251179669303,-3.9143378992262163,1.0,0.0,-1.0
0.0316,-5.80980586214495,0.0,5.80980586214495,94.14989302577841,17.18789378190274,-94.82897892814186,236.63239252256844,-4.639815142784023,1.0,0.0,-1.0
0.0318,-4.234271315770217,0.0,4.234271315770217,94.07034145080486,25.706470447296592,-94.71603859830961,236.23240969481157,-3.3838403243770365,1.0,0.0,-1.0
0.032,-5.128112592677982,0.0,5.128112592677982,94.19785393780928,34.70772640487833,-94.5286823118915,235.82710174745847,-4.103900357266797,1.0,0.0,-1.0
0.0322,-5.884439425439661,0.0,5.884439425439661,94.50887115369773,44.06413532791567,-94.30388783820514,235.43691632156606,-4.71912926994201,-1.0,0.0,1.0
0.0324,-4.449768596760453,0.0,4.449768596760453,94.86953378957962,53.491781068869955,-94.06071085385518,235.02817413889426,-3.577000385901825,1.0,0.0,-1.0
0.032600000000000004,-5.349974187854262,0.0,5.349974187854262,95.07684709899564,62.615559719385054,-93.83322709843887,234.62423429004596,-4.307585803487419,1.0,0.0,-1.0
0.0328,-4.952586101568123,0.0,4.952586101568123,94.84693134327728,71.02432419278135,-93.63561206972123,234.2328563576122,-3.9852480109376858,-1.0,0.0,1.0
0.033,-4.644573088838633,0.0,4.644573088838633,93.84152660961063,78.331660469261,-93.45254229711468,233.8204331807111,-3.7203805514762296,1.0,0.0,-1.0
0.0332,-5.479604743067185,0.0,5.479604743067185,91.76385470861122,84.27297977333444,-93.28912992597962,233.42302376838595,-4.344118227722907,1.0,0.0,-1.0
0.0334,-4.141728762022432,-0.8128374052255983,4.95456616724803,88.37020931440736,88.71560922862938,-93.13553703749997,233.0394452039531,-3.8601318468597374,0.0,-1.0,1.0
0.033600000000000005,0.0,-4.934564249680007,4.934564249680007,83.51119259586642,91.6581410026088,-92.96294572725981,232.60656266747995,-3.9165903311878028,0.0,-1.0,1.0
0.033800000000000004,0.0,-4.582650908972167,4.582650908972167,77.23499265316765,93.29407316285796,-92.80470712584552,232.1974797592115,-3.672846688659231,0.0,1.0,-1.0
0.034,0.0,-5.41997637497946,5.41997637497946,69.70591497970139,93.88687521383312,-92.6635361208212,231.79590148646847,-4.362022001651102,0.0,1.0,-1.0
0.0342,0.0,-4.924336411196436,4.924336411196436,61.22287640103265,93.75902172383556,-92.5485560666558,231.4038197388539,-3.9646760802431387,0.0,-1.0,1.0
0.0344,0.0,-4.598396915077718,4.598396915077718,52.15752247565497,93.21826970708658,-92.44841194940112,230.99117990681208,-3.696111238993379,0.0,1.0,-1.0
0.0346,0.0,-5.408226649853583,5.408226649853583,42.9158822634051,92.54997169949303,-92.36445606473698,230.58998669372238,-4.336958211048632,0.0,1.0,-1.0
0.034800000000000005,0.0,-5.182991101614472,5.182991101614472,33.84701753872575,91.94873804248141,-92.27322278211469,230.1997980956305,-4.147791577467831,0.0,-1.0,1.0
0.035,0.0,-4.477480887400648,4.477480887400648,25.19406493232035,91.50922626087095,-92.13349604009083,229.79090153299063,-3.578282576582917,0.0,1.0,-1.0
0.0352,0.0,-5.239751614648521,5.239751614648521,17.07162401707338,91.26755386567557,-91.93076709887173,229.38960070428263,-4.184643484829795,0.0,1.0,-1.0
0.0354,0.0,-5.996579447667274,5.996579447667274,9.446210507507315,91.19055092394002,-91.65728382221387,228.99922502259284,-4.7880579848297415,0.0,1.0,-1.0
0.0356,0.0,-4.23402124233138,4.23402124233138,2.162405487056626,91.20176232235292,-91.31967798057732,228.59631964350558,-3.380630347105769,0.0,1.0,-1.0
0.0358,0.0,-4.968903414060918,4.968903414060918,-5.00826331473297,91.23272608521256,-90.96608324100566,228.191768071989,-3.967401161523367,0.0,1.0,-1.0
0.036000000000000004,0.0,-5.700008562139059,5.700008562139059,-12.310589392363134,91.23037266408156,-90.66620619783815,227.79722753663492,-4.551469164698251,0.0,1.0,-1.0
0.0362,0.0,-4.341447926248912,4.341447926248912,-19.942267769015004,91.15980529528484,-90.48714510788015,227.4041196538814,-3.467882540288005,0.0,-1.0,1.0
0.0364,0.0,-4.6268446453289265,4.6268446453289265,-28.000986752601506,91.01023789489278,-90.47521557677904,226.9953484600743,-3.699216764999881,0.0,1.0,-1.0
0.0366,0.0,-5.341675070494572,5.341675070494572,-36.46015428452995,90.80847469183189,-90.65061893272316,226.59522049579317,-4.277652082016539,0.0,1.0,-1.0
0.0368,0.0,-5.766299257823563,5.766299257823563,-45.15936230679182,90.58179506718918,-90.95989379938449,226.2037048158996,-4.627792045348409,0.0,-1.0,1.0
0.037000000000000005,0.0,-4.264172992905076,4.264172992905076,-53.822134676881866,90.34719730892522,-91.26429004487994,225.79684672803347,-3.4297325706598114,0.0,1.0,-1.0
0.037200000000000004,0.0,-4.980134283311095,4.980134283311095,-62.111853580659826,90.12864585720293,-91.36762570988625,225.38947429523296,-4.010284007940999,0.0,1.0,-1.0
0.0374,0.0,-5.692349437811135,5.692349437811135,-69.6805096131535,89.9365421675123,-91.01742654960323,224.99159990922124,-4.578185241191974,0.0,1.0,-1.0
0.0376,0.0,-4.523103175826309,4.523103175826309,-76.22018318220218,89.76492138805192,-89.93288822839287,224.59707195916207,-3.6188883776408307,0.0,-1.0,1.0
0.0378,0.0,-4.503023608172866,4.503023608172866,-81.50996410008058,89.59913299276239,-87.84945510671069,224.19038997814644,-3.5641812368797785,0.0,1.0,-1.0
0.038,1.365883839616247,-5.760453762596715,4.394569922980468,-85.46216692543264,89.44005594097086,-84.5802448339742,223.7927826844697,-4.4846866259973295,1.0,1.0,0.0
0.038200000000000005,5.969498417605322,-5.969498417605322,0.0,-88.09509377775835,89.2701335898305,-80.01608012893138,223.3664860240854,-4.740108791409568,1.0,-1.0,0.0
0.038400000000000004,4.109236175453112,-4.109236175453112,0.0,-89.57796838256137,89.11486362906226,-74.20223407764398,222.96563478127854,-3.293292485708138,-1.0,1.0,0.0
0.0386,4.760796650044053,-4.760796650044053,0.0,-90.12932229672369,88.96901943517565,-67.27513222077246,222.5573351687096,-3.83115112651452,-1.0,1.0,0.0
0.0388,5.416145436281837,-5.416145436281837,0.0,-90.02883582915702,88.84556524403577,-59.49239610253469,222.15597115390796,-4.360944097104804,-1.0,1.0,0.0
0.039,5.757774973095946,-5.757774973095946,0.0,-89.55080311243903,88.74597436367793,-51.17411567892777,221.76229856172017,-4.629248207625,1.0,-1.0,0.0
0.0392,4.160150667582854,-4.160150667582854,0.0,-88.92493963557706,88.65400156854898,-42.655259681025065,221.35713653044695,-3.3373902571123466,-1.0,1.0,0.0
0.039400000000000004,4.767935018006704,-4.767935018006704,0.0,-88.3314447529949,88.555196696981,-34.24558327185585,220.95072103860596,-3.8170683853055847,-1.0,1.0,0.0
0.0396,5.36333899121924,-5.36333899121924,0.0,-87.8778512669056,88.42844882049842,-26.17549634771224,220.55160810278284,-4.287388615256453,-1.0,1.0,0.0
0.0398,5.948701988981603,-5.948701988981603,0.0,-87.599562172989,88.25045676329212,-18.565453519307106,220.15901737361054,-4.751471776572785,-1.0,1.0,0.0
0.04,4.082297949165623,-4.082297949165623,0.0,-87.47374098420777,88.0042088084668,-11.417502017694808,219.76110085349927,-3.2596909634156352,1.0,-1.0,0.0
0.0402,4.538377743148726,-4.538377743148726,0.0,-87.44789196057278,87.69489913778463,-4.629174768615719,219.35464768544665,-3.623648522522134,-1.0,1.0,0.0
0.040400000000000005,5.093497114905883,-5.093497114905883,0.0,-87.46511998078097,87.3572738959641,1.9767827878594115,218.95376390428382,-4.066873950709551,-1.0,1.0,0.0
0.040600000000000004,5.64310707195746,-5.64310707195746,0.0,-87.4698222885957,87.04050061084568,8.609476974976934,218.55821862166854,-4.505803732725809,-1.0,1.0,0.0
0.0408,5.325466807201752,-5.325466807201752,0.0,-87.42455924760539,86.80373775900276,15.45965042513448,218.16635222820884,-4.252933612848892,1.0,-1.0,0.0
0.041,4.167745486627976,-4.167745486627976,0.0,-87.30905786732593,86.69521399334099,22.653711577018242,217.7622246379197,-3.3302631799757956,-1.0,1.0,0.0
0.0412,4.696053422859345,-4.696053422859345,0.0,-87.13435004440696,86.74953311693595,30.225134906265055,217.35734938649418,-3.7567996067522778,-1.0,1.0,0.0
0.0414,5.224753392781718,-5.224753392781718,0.0,-86.92203197086963,86.955456521922,38.09940689008076,216.95676452326597,-4.18731815035735,-1.0,1.0,0.0
0.041600000000000005,5.755835039693149,-5.755835039693149,0.0,-86.69592415487948,87.24269406130125,46.09959450965097,216.56028609545834,-4.623017504895595,-1.0,1.0,0.0
0.041800000000000004,4.959573715062466,-4.959573715062466,0.0,-86.475121355081,87.4779238163957,53.97054599065697,216.1645960259129,-3.991092742976786,1.0,-1.0,0.0
0.042,4.261823681694633,-4.261823681694633,0.0,-86.26616718542925,87.46830514370247,61.414152557658504,215.75572165530224,-3.431777766162515,-1.0,1.0,0.0
0.0422,4.778148225865859,-4.778148225865859,0.0,-86.07800975789375,86.99603587644128,68.14443036981838,215.34916601220442,-3.840151598470819,-1.0,1.0,0.0
0.0424,5.273084149192687,-5.273084149192687,0.0,-85.9077558630114,85.82945153972463,73.92028599550034,214.94875669707358,-4.213026211908829,-1.0,1.0,0.0
0.0426,5.729004961707703,-5.729004961707703,0.0,-85.74834757432826,83.75948032683779,78.58016051624875,214.5553414345788,-4.526157123849477,-1.0,1.0,0.0
0.042800000000000005,4.7199637787538835,-2.3435788219795093,-2.3763849567743742,-85.5929024690681,80.63228598489822,82.06084455771968,214.16661157429314,-3.679246115579694,-1.0,0.0,-1.0
0.043000000000000003,5.842585409628345,0.0,-5.842585409628345,-85.43368310337576,76.372349549635,84.39631136368119,213.76697637416677,-4.641719056051541,-1.0,0.0,1.0
0.0432,4.99034747465171,0.0,-4.99034747465171,-85.28083227865214,71.01481808210907,85.72311126660483,213.37289716011938,-3.999425930774006,1.0,0.0,-1.0
0.0434,4.183301959536421,0.0,-4.183301959536421,-85.13375023804457,64.68133091268895,86.23012960181792,212.96607469398373,-3.366108218681987,-1.0,0.0,1.0
0.0436,4.647664836504695,0.0,-4.647664836504695,-85.003555540449,57.58801219472094,86.152573462751,212.5589453719242,-3.7423798886871227,-1.0,0.0,1.0
0.0438,5.10396558680415,0.0,-5.10396558680415,-84.89337800931331,50.003058567984446,85.72352517387121,212.15571301722224,-4.1046398892090075,-1.0,0.0,1.0
0.044000000000000004,5.547086759102617,0.0,-5.547086759102617,-84.79709094552044,42.21165077698228,85.14693538951228,211.75661627932777,-4.451781837258583,-1.0,0.0,1.0
0.0442,5.975437025801343,0.0,-5.975437025801343,-84.70018267702704,34.47747060566643,84.57887259326915,211.36138180250896,-4.785719727646068,-1.0,0.0,1.0
0.0444,4.669694087642232,0.0,-4.669694087642232,-84.58021249182134,27.006421872982965,84.11581437968042,210.9639437198551,-3.7340923069615806,1.0,0.0,-1.0
0.0446,4.200519890486512,0.0,-4.200519890486512,-84.41488166900866,19.922544292696127,83.79827592477548,210.55922109049715,-3.355743389697226,-1.0,0.0,1.0
0.0448,4.585468167199427,0.0,-4.585468167199427,-84.1941609441074,13.257176186358153,83.62548753814413,210.15607996068744,-3.661714931539994,-1.0,0.0,1.0
0.045000000000000005,4.962963420094401,0.0,-4.962963420094401,-83.91816420220272,6.950652539244422,83.56178902678083,209.7555399295332,-3.962693341752999,-1.0,0.0,1.0
0.045200000000000004,5.333674082424757,0.0,-5.333674082424757,-83.60400298849228,0.8731547630260534,83.55618026490026,209.3573522784739,-4.258641635121904,-1.0,0.0,1.0
0.0454,5.697731810071369,0.0,-5.697731810071369,-83.28637827207213,-5.144200777608115,83.55818700960202,208.96134860354053,-4.549336962533448,-1.0,0.0,1.0
0.0456,5.815500078388994,0.0,-5.815500078388994,-83.012421196999,-11.272568108545709,83.5289975212934,208.5672670809299,-4.643689526005202,1.0,0.0,-1.0
0.0458,4.644403716787323,0.0,-4.644403716787323,-82.82948958343812,-17.64860995100533,83.44510645896347,208.16939530576715,-3.7097016625923125,1.0,0.0,-1.0
0.046,4.149675463261371,0.0,-4.149675463261371,-82.77506157092424,-24.344987332139215,83.30232280236469,207.7655657018523,-3.317042670706238,-1.0,0.0,1.0
0.046200000000000005,4.487205639568475,0.0,-4.487205639568475,-82.86376421602048,-31.353307580631576,83.11385310000013,207.36194914047837,-3.5916700414406018,-1.0,0.0,1.0
0.046400000000000004,4.824338199092971,0.0,-4.824338199092971,-83.06897453774248,-38.578943117398374,82.8986169003544,206.95956240153464,-3.8687934101484602,-1.0,0.0,1.0
0.0466,5.162475285325058,0.0,-5.162475285325058,-83.31620747075955,-45.85136888632139,82.67617006023401,206.55824073153968,-4.148619505671722,-1.0,0.0,1.0
0.0468,5.501262028756767,0.0,-5.501262028756767,-83.48272483070345,-52.94685829877366,82.46193983623975,206.15804200405032,-4.428180796309144,-1.0,0.0,1.0
0.047,5.837510681039838,0.0,-5.837510681039838,-83.40506358354057,-59.619223202075524,82.26433922386136,205.75927983836414,-4.700137506164538,-1.0,0.0,1.0
0.0472,5.458618380338705,0.0,-5.458618380338705,-82.89432390750689,-65.63314810334954,82.08419098068205,205.36154091442242,-4.3852161885799585,1.0,0.0,-1.0
0.047400000000000005,4.46949302721486,0.0,-4.46949302721486,-81.75702456392085,-70.79418062638314,81.91562642625696,204.96078033618588,-3.569140257694553,1.0,0.0,-1.0
0.0476,4.111282092029109,0.0,-4.111282092029109,-79.82462367152259,-74.97616348635187,81.75366448099145,204.56005446610834,-3.2474273839822954,-1.0,0.0,1.0
0.0478,3.262453578757904,2.083802061989356,-5.34625564074726,-76.97326515105837,-78.13099362543078,81.59289552065637,204.15797932493444,-4.164165959694532,0.0,1.0,1.0
0.048,0.0,5.681096523716892,-5.681096523716892,-73.14263890844381,-80.28808272922531,81.42810534978086,203.7447405232374,-4.509197496656887,0.0,-1.0,1.0
0.0482,0.0,5.931403175766628,-5.931403175766628,-68.36340239909165,-81.56427862536245,81.27361257562069,203.3492954764161,-4.749744437234451,0.0,-1.0,1.0
0.048400000000000006,0.0,5.3481967055565285,-5.3481967055565285,-62.72635328089359,-82.11023234810717,81.12670153352421,202.9512836551457,-4.3016393702359075,0.0,1.0,-1.0
0.048600000000000004,0.0,4.461234098539773,-4.461234098539773,-56.39739332817088,-82.11325118568503,80.99187664554178,202.54849259260573,-3.5924738249763766,0.0,1.0,-1.0
0.0488,0.0,4.121301863360671,-4.121301863360671,-49.591506522587906,-81.76705590838817,80.87196492292382,202.1424538423874,-3.3159016667021812,0.0,-1.0,1.0
0.049,0.0,4.370149965282696,-4.370149965282696,-42.54500119154474,-81.24905882619431,80.76528312846459,201.73757989440668,-3.509643425082458,0.0,-1.0,1.0
0.0492,0.0,4.604357611286734,-4.604357611286734,-35.48404096725955,-80.70090908568929,80.66213483715909,201.3346316940962,-3.6902402394210108,0.0,-1.0,1.0
0.0494,0.0,4.824370927456142,-4.824370927456142,-28.59759026702378,-80.22012944526553,80.54712700652593,200.9333773036958,-3.859990254086287,0.0,-1.0,1.0
0.049600000000000005,0.0,5.031877090183524,-5.031877090183524,-22.015633076136474,-79.85871301700065,80.40289325372427,200.53346203053465,-4.021357317946679,0.0,-1.0,1.0
0.049800000000000004,0.0,5.228891976242488,-5.228891976242488,-15.796455087231417,-79.62818066098826,80.21500734299221,200.1345344549229,-4.176204599008294,0.0,-1.0,1.0
0.05,0.0,5.417104793974704,-5.417104793974704,-9.925027154132877,-79.50949333654354,79.9772309912099,199.73631654229447,-4.325484287922427,0.0,-1.0,1.0
0.0502,0.0,5.5975591520090795,-5.5975591520090795,-4.322571119960877,-79.46540882810709,79.69570631037841,199.33862398245026,-4.469348382608662,0.0,-1.0,1.0
0.0504,0.0,5.770669613271293,-5.770669613271293,1.1343691736219828,-79.45282909637626,79.39075688684925,198.94134896263566,-4.607558256120017,0.0,-1.0,1.0
0.0506,0.0,5.93649786069989,-5.93649786069989,6.588486849601246,-79.43307647231238,79.09533480280228,198.54442175016823,-4.740015187024881,0.0,-1.0,1.0
0.050800000000000005,0.0,5.7052477188857855,-5.7052477188857855,12.1739416929815,-79.37862594707799,78.84966684457618,198.14748124966084,-4.555857085941749,0.0,1.0,-1.0
0.051000000000000004,0.0,5.236121940324971,-5.236121940324971,17.99052056594707,-79.27581531523913,78.69256635596355,197.74934897127855,-4.182778418483435,0.0,1.0,-1.0
0.0512,0.0,4.785192004885987,-4.785192004885987,24.08386716504425,-79.12488200824536,78.65162769827005,197.3499124963257,-3.8256459466152055,0.0,1.0,-1.0
0.0514,0.0,4.34586494897603,-4.34586494897603,30.43433746127108,-78.93612292923835,78.73194648200584,196.94907242444802,-3.4790929857763015,0.0,1.0,-1.0
0.0516,0.0,4.028360714559616,-4.028360714559616,36.95600604769997,-78.72504736260136,78.9069848676987,196.54668030884272,-3.230777975974632,0.0,-1.0,1.0
0.051800000000000006,0.0,4.1671773282336675,-4.1671773282336675,43.50585202381142,-78.50785055583874,79.11353242384429,196.14341680355932,-3.3487550298749156,0.0,-1.0,1.0
0.052000000000000005,0.0,4.305258617984372,-4.305258617984372,49.90093631844731,-78.29716224179101,79.25110143640394,195.73971478474553,-3.465244754724061,0.0,-1.0,1.0
0.0522,0.0,4.439581377296585,-4.439581377296585,55.94118430396564,-78.1000303165649,79.18774348350775,195.33591173736212,-3.5748258742003616,0.0,-1.0,1.0
0.0524,0.0,4.563938335949015,-4.563938335949015,61.434242302467645,-77.91793562544419,78.77167431681879,194.93270622492506,-3.6685568651329423,0.0,-1.0,1.0
0.0526,0.0,4.668562925973381,-4.668562925973381,66.2185883635146,-77.74822790175811,77.84716723929975,194.53117640697542,-3.734141265295275,0.0,-1.0,1.0
0.0528,0.0,4.740171825854345,-4.740171825854345,70.18177964271167,-77.58648397454563,76.27280596532808,194.1327628949299,-3.7568077662072543,0.0,-1.0,1.0
0.053000000000000005,0.0,4.7624688976237755,-4.7624688976237755,73.2715808751942,-77.4289859244539,73.93952021694696,193.73923734123665,-3.720917933151979,0.0,-1.0,1.0
0.053200000000000004,-5.350987671708425,5.350987671708425,0.0,75.50696276727136,-77.28260508906016,70.79272529808195,193.372764793128,-4.227974372914083,1.0,-1.0,0.0
0.0534,-5.392450344271671,5.392450344271671,0.0,76.93318479074006,-77.12550926312102,66.80660316409916,192.97576064722062,-4.304964804919152,1.0,-1.0,0.0
0.0536,-5.455916921059738,5.455916921059738,0.0,77.67513278708168,-76.9724821937994,62.0484924573016,192.57576393030178,-4.38136410395388,1.0,-1.0,0.0
0.0538,-5.5272076190582515,5.5272076190582515,0.0,77.87842573421285,-76.82882320253154,56.631978759541575,192.17427099765789,-4.449602335461112,1.0,-1.0,0.0
0.054,-5.595755776746138,5.595755776746138,0.0,77.7007696189532,-76.6983329093371,50.714853210186526,191.77235615276268,-4.505235724427706,1.0,-1.0,0.0
0.054200000000000005,-5.654636805985877,5.654636805985877,0.0,77.29440624953673,-76.58117365756526,44.48153488411738,191.3706858006888,-4.546728324897857,1.0,-1.0,0.0
0.054400000000000004,-5.7002009344137035,5.7002009344137035,0.0,76.7915539561966,-76.47254711185742,38.12214954342759,190.96958264617663,-4.5747399141508716,1.0,-1.0,0.0
0.0546,-5.7314021266860635,5.7314021266860635,0.0,76.29440219786788,-76.36269417456036,31.811102024441098,190.5691135462729,-4.591191040987903,1.0,-1.0,0.0
0.0548,-5.748957517239038,5.748957517239038,0.0,75.87039204085501,-76.23841875162191,25.688066599833512,190.16918263586487,-4.598363831210898,1.0,-1.0,0.0
0.055,-5.754489841062711,5.754489841062711,0.0,75.55266882536252,-76.08596462200106,19.84397831670131,189.76961730730343,-4.598222771732929,1.0,-1.0,0.0
0.055200000000000006,-5.749794107724404,5.749794107724404,0.0,75.3448605647085,-75.89471407813996,14.313890329198188,189.37023781128568,-4.592043740277602,1.0,-1.0,0.0
0.055400000000000005,-5.736331964741587,5.736331964741587,0.0,75.22881657278477,-75.66090829625958,9.077577029156295,188.97090373466438,-4.5803535613752135,1.0,-1.0,0.0
0.055600000000000004,-5.715002081634385,5.715002081634385,0.0,75.17369405090624,-75.39047544607894,4.067659969696087,188.5715340709033,-4.563120018800305,1.0,-1.0,0.0
0.0558,-5.68617464492536,5.68617464492536,0.0,75.14481544085878,-75.10012581136101,-0.8160204574612319,188.1721021496374,-4.540093699954017,1.0,-1.0,0.0
0.056,-5.6499245689396,5.6499245689396,0.0,75.11099888032855,-74.81612904858662,-5.687913586833952,187.77261135362954,-4.511184871583003,1.0,-1.0,0.0
0.0562,-5.6063607366968835,5.6063607366968835,0.0,75.04951388836221,-74.57058636627235,-10.656796365325567,187.37306115307572,-4.476760161392418,1.0,-1.0,0.0
0.056400000000000006,-5.555933282408089,5.555933282408089,0.0,74.94833948998236,-74.39548077933635,-15.807120276778434,186.97341477910038,-4.437766206155995,1.0,-1.0,0.0
0.056600000000000004,-5.499609423726438,5.499609423726438,0.0,74.80590509711372,-74.31524723796025,-21.184180989995713,186.57357961537463,-4.395628236053511,1.0,-1.0,0.0
0.0568,-5.438838448409608,5.438838448409608,0.0,74.62889317280187,-74.33896674221954,-26.785016542969448,186.17340919778727,-4.351921832308287,1.0,-1.0,0.0
0.057,-5.375272264776095,5.375272264776095,0.0,74.42892206756943,-74.45348445769254,-32.55609145948828,185.77273181068585,-4.307862960877916,1.0,-1.0,0.0
0.0572,-5.310260651425391,5.310260651425391,0.0,74.21898634810604,-74.6187377555667,-38.39786487283729,185.37140549648169,-4.263694865120084,1.0,-1.0,0.0
0.0574,-5.244189852310728,5.244189852310728,0.0,74.01042310109302,-74.7663466075077,-44.1754086333987,184.96939368353353,-4.218068786559853,1.0,-1.0,0.0
0.057600000000000005,-5.175770001701868,5.175770001701868,0.0,73.81093675370293,-74.80209318243135,-49.73346430471895,184.56685085084973,-4.1675244425503735,1.0,-1.0,0.0
0.057800000000000004,-5.101394376043342,5.101394376043342,0.0,73.62391080447674,-74.61236074708347,-54.91380713699505,184.16420514232516,-4.106181662361315,1.0,-1.0,0.0
0.058,-5.014689276347016,5.014689276347016,0.0,73.44892767883941,-74.07399976685429,-59.57258239170755,183.76222568193032,-4.025754692140645,1.0,-1.0,0.0
0.0582,-4.906349570234048,4.906349570234048,0.0,73.28316692655764,-73.06653797449498,-63.59540888209966,183.36206637026075,-3.9159834199033536,1.0,-1.0,0.0
0.0584,-4.76431699770255,4.76431699770255,0.0,73.12319990180164,-71.4852415333645,-66.90847051242035,182.9652831658915,-3.765525588349824,1.0,-1.0,0.0
0.058600000000000006,-4.825041592292913,4.3235833180978815,0.5014582741950313,72.96647644216316,-69.25315501935356,-69.48427928529577,182.57335201535287,-3.7592098115183714,1.0,0.0,1.0
0.058800000000000005,-4.186532349069791,0.0,4.186532349069791,72.80940215696754,-66.328141309811,-71.33905091558594,182.1800161487891,-3.3125596023865826,1.0,0.0,-1.0
0.059000000000000004,-4.029129797811107,0.0,4.029129797811107,72.65294705387191,-62.71437453527429,-72.53295265619145,181.78450533180526,-3.217946621336619,1.0,0.0,-1.0
0.0592,-4.315161516190504,0.0,4.315161516190504,72.49983700147294,-58.46116939179899,-73.15948390889409,181.3858516912895,-3.4652289040526223,-1.0,0.0,1.0
0.0594,-4.6995882645813865,0.0,4.6995882645813865,72.35409698492036,-53.65993281402852,-73.33448693307125,180.98483342100033,-3.7830593112286084,-1.0,0.0,1.0
0.0596,-5.09257423958079,0.0,5.09257423958079,72.21888204077635,-48.434927219054124,-73.18277898353885,180.58252558235938,-4.100445217147966,-1.0,0.0,1.0
0.059800000000000006,-5.508007521573484,0.0,5.508007521573484,72.09466192756547,-42.93070150944313,-72.82549710467768,180.17954200553706,-4.430144050164645,-1.0,0.0,1.0
0.060000000000000005,-5.953367024366311,0.0,5.953367024366311,71.9782403053624,-37.29756931501931,-72.36971402382547,179.77609622798073,-4.780148025065244,-1.0,0.0,1.0
0.060200000000000004,-5.8420791850313325,0.0,5.8420791850313325,71.86289249686062,-31.676718959586747,-71.90128386465588,179.37276371311526,-4.6823257047991795,1.0,0.0,-1.0
0.0604,-5.654076560225364,0.0,5.654076560225364,71.7391735817232,-26.186405572969623,-71.48081904943135,178.97043473638251,-4.524640086415582,1.0,0.0,-1.0
0.0606,-5.454248517084976,0.0,5.454248517084976,71.59618241310926,-20.911011432732803,-71.1426703985738,178.56907675562536,-4.359843207029446,1.0,0.0,-1.0
0.0608,-5.244160347420094,0.0,5.244160347420094,71.42432953782547,-15.894766574793229,-70.8977938310115,178.16860792018207,-4.189065877788348,1.0,0.0,-1.0
0.061000000000000006,-5.025227109414562,0.0,5.025227109414562,71.21798722976224,-11.140231998059322,-70.73854968991195,177.76895214059718,-4.012870802788766,1.0,0.0,-1.0
0.061200000000000004,-4.798452292660374,0.0,4.798452292660374,70.97779282518026,-6.611827590823508,-70.64479018338919,177.37007011059228,-3.831363474718339,1.0,0.0,-1.0
0.0614,-4.564371744820226,0.0,4.564371744820226,70.71206055167029,-2.2438668372607045,-70.59023349876472,176.97197041310056,-3.644397454221604,1.0,0.0,-1.0
0.0616,-4.323170021197328,0.0,4.323170021197328,70.43685806621855,2.047988632063908,-70.54822829633476,176.57470124248246,-3.4518110154495067,1.0,0.0,-1.0
0.0618,-4.07490660374525,0.0,4.07490660374525,70.17449676381572,6.353337330162203,-70.49623314390969,176.1783272046131,-3.253635650592358,1.0,0.0,-1.0
0.062,-4.484281079965493,0.0,4.484281079965493,69.95010488817618,10.753337208973946,-70.41828926665578,175.7820637292337,-3.5808621242678584,-1.0,0.0,1.0
0.062200000000000005,-5.184189776598929,0.0,5.184189776598929,69.78689110705145,15.308273889365323,-70.30574004522673,175.38341882706533,-4.141023085612282,-1.0,0.0,1.0
0.062400000000000004,-5.896037366129495,0.0,5.896037366129495,69.70245731728696,20.04834696808148,-70.15825145909523,174.98198607362372,-4.712622044716901,-1.0,0.0,1.0
0.0626,-5.765911101605643,0.0,5.765911101605643,69.70327651076846,24.96832546107698,-69.98190823519197,174.5788588133089,-4.613458713909112,1.0,0.0,-1.0
0.06280000000000001,-5.489370416425525,0.0,5.489370416425525,69.77993745145807,30.02657849549231,-69.7867051247194,174.17619313914574,-4.39860916161749,1.0,0.0,-1.0
0.063,-5.210922074210947,0.0,5.210922074210947,69.9027097443517,35.147863278778196,-69.58277014266137,173.7739255329774,-4.182721682472485,1.0,0.0,-1.0
0.0632,-4.931022042578473,0.0,4.931022042578473,70.02139046814305,40.230658150135014,-69.37914599642444,173.37202842192315,-3.964809804158266,1.0,0.0,-1.0
0.0634,-4.648869475921059,0.0,4.648869475921059,70.06675736095444,45.15721131129742,-69.18237742264256,172.97062555786752,-3.7425490608942122,1.0,0.0,-1.0
0.0636,-4.361915621027161,0.0,4.361915621027161,69.9545353883418,49.805215699663506,-68.99590491335758,172.57007268867451,-3.5121390786802467,1.0,0.0,-1.0
0.06380000000000001,-4.065499943114382,0.0,4.065499943114382,69.59161967047807,54.059718448669415,-68.8202571712617,172.1710317331566,-3.2683400439777976,1.0,0.0,-1.0
0.064,-4.649059332698762,0.0,4.649059332698762,68.88335444620549,57.82340043923225,-68.65326029144748,171.7730039235088,-3.7224468788973035,-1.0,0.0,1.0
0.06420000000000001,-5.52119018989956,0.0,5.52119018989956,67.74200016759373,61.02469012793984,-68.49090888243434,171.37361070841447,-4.389052654485282,-1.0,0.0,1.0
0.0644,-5.817854191922961,0.0,5.817854191922961,66.09757831543577,63.62515041368495,-68.33078356074581,170.9741123701504,-4.574286702313772,1.0,0.0,-1.0
0.0646,-0.5334200872282144,-4.163790473045026,4.69721056027324,63.90642766192114,65.6230148008934,-68.17428861782673,170.5825553325452,-3.678913375811991,0.0,-1.0,-1.0
0.0648,0.0,-4.86775940092424,4.86775940092424,61.14235981836321,67.03682614037511,-68.01175116123291,170.1751438086427,-3.862984728724876,0.0,1.0,-1.0
0.065,0.0,-4.499411028198658,4.499411028198658,57.830096553481106,67.9327314771948,-67.85520492070734,169.7782857000629,-3.5986094217279074,0.0,1.0,-1.0
0.06520000000000001,0.0,-4.143007900355075,4.143007900355075,54.01217237369268,68.38383212306222,-67.70275163061478,169.38073811844373,-3.328641720934996,0.0,1.0,-1.0
0.0654,0.0,-4.546206935450077,4.546206935450077,49.76377578385042,68.48089379539864,-67.5572021203971,168.98253114931248,-3.659889166835513,0.0,-1.0,1.0
0.0656,0.0,-5.470613984726422,5.470613984726422,45.18116643514783,68.31789545620238,-67.41899782866658,168.57995191548142,-4.4048188305321805,0.0,-1.0,1.0
0.0658,0.0,-5.838605221558778,5.838605221558778,40.37561759827214,67.98715782349994,-67.28841845786684,168.17352747609425,-4.696462623334302,0.0,1.0,-1.0
0.066,0.0,-5.458873480044703,5.458873480044703,35.463130333010895,67.57266470165173,-67.16508977145155,167.76839453116955,-4.384117501448386,0.0,1.0,-1.0
0.06620000000000001,0.0,-5.067171851774913,5.067171851774913,30.552189784597687,67.1416831850291,-67.0444979552259,167.36587721026925,-4.062622867365164,0.0,1.0,-1.0
0.0664,0.0,-4.66371308508009,4.66371308508009,25.73553220018479,66.7430574840305,-66.91953798765232,166.96612410079013,-3.733475870295441,0.0,1.0,-1.0
0.0666,0.0,-4.249491631472335,4.249491631472335,21.08305933316636,66.40704111135824,-66.78202429723659,166.56918352097625,-3.397902342399186,0.0,1.0,-1.0
0.0668,0.0,-4.439401665131545,4.439401665131545,16.63692924028117,66.14636605670515,-66.62394570159218,166.1743363838306,-3.5470022382901023,0.0,-1.0,1.0
0.067,0.0,-5.524344545397773,5.524344545397773,12.409425277626998,65.9571071619891,-66.43718839292538,165.77510453563275,-4.411951399695016,0.0,-1.0,1.0
0.06720000000000001,0.0,-5.74893459924207,5.74893459924207,8.385510531798673,65.82720626348252,-66.21990459768573,165.3710812530137,-4.590465265195146,0.0,1.0,-1.0
0.0674,0.0,-5.299445046739949,5.299445046739949,4.526260827535223,65.74103890382712,-65.97806255768937,164.96881925096955,-4.231333793687002,0.0,1.0,-1.0
0.06760000000000001,0.0,-4.84343619426424,4.84343619426424,0.7746254357406749,65.67847827398671,-65.72089222867343,164.5692396048488,-3.867213997732841,0.0,1.0,-1.0
0.0678,0.0,-4.381025537235242,4.381025537235242,-2.935749998640255,65.62026588545336,-65.46241263735817,164.17244628984142,-3.498008192457383,0.0,1.0,-1.0
0.068,0.0,-4.217659619333647,4.217659619333647,-6.671507656386084,65.55080366878084,-65.22031153353628,163.77837174207454,-3.3676488909820383,0.0,-1.0,1.0
0.0682,0.0,-5.392737563624746,5.392737563624746,-10.490440901444579,65.45706802167402,-65.01111456834313,163.380397731623,-4.3063958643727585,0.0,-1.0,1.0
0.0684,0.0,-5.76361795709796,5.76361795709796,-14.434090914434428,65.33335162905999,-64.85148202454918,162.97616569152706,-4.603959369175181,0.0,1.0,-1.0
0.06860000000000001,0.0,-5.273752844657024,5.273752844657024,-18.52324614147651,65.18312447338073,-64.75712388536807,162.57341593117482,-4.215158736084507,0.0,1.0,-1.0
0.0688,0.0,-4.779876238349949,4.779876238349949,-22.75370521348094,65.01126160928864,-64.73287306774121,162.17349463652363,-3.8240583505829076,0.0,1.0,-1.0
0.069,0.0,-4.283139280809089,4.283139280809089,-27.0957506271792,64.82450358102382,-64.77176195423229,161.77633407243016,-3.4311499190709926,0.0,1.0,-1.0
0.0692,0.0,-4.529172827756247,4.529172827756247,-31.49610901083564,64.6300018529653,-64.85313313586595,161.38081513493097,-3.6339604317512886,0.0,-1.0,1.0
0.0694,0.0,-5.755683426916679,5.755683426916679,-35.88078306009058,64.4313797896363,-64.93927256244564,160.9784441467884,-4.625566631724293,0.0,-1.0,1.0
0.06960000000000001,0.0,-5.593451163126491,5.593451163126491,-40.16466208060271,64.2347792541183,-64.98314856987582,160.5710202321843,-4.501274063269882,0.0,1.0,-1.0
0.0698,0.0,-5.082930457498335,5.082930457498335,-44.259090083543285,64.0465689222462,-64.92888534493792,160.16629955358957,-4.093078672551884,0.0,1.0,-1.0
0.07,0.0,-4.566358103192835,4.566358103192835,-48.07633486631885,63.86809098730564,-64.71003872201344,159.76499081162535,-3.6749839968620055,0.0,1.0,-1.0
0.0702,0.0,-4.0391488311167025,4.0391488311167025,-51.53817268280631,63.6988757493148,-64.25709635900759,159.36785468629904,-3.243020471054658,0.0,1.0,-1.0
0.0704,0.0,-5.216318803687704,5.216318803687704,-54.5801536226204,63.5351626610788,-63.50068718550394,158.97035272842362,-4.168447014955229,0.0,-1.0,1.0
0.07060000000000001,0.0,-5.76133761249348,5.76133761249348,-57.15719986435824,63.37243245800311,-62.37901049380938,158.5670252782506,-4.569023836023106,0.0,1.0,-1.0
0.0708,0.0,-5.161030707757227,5.161030707757227,-59.252893531252475,63.213215898467624,-60.85001401530316,158.1691883073636,-4.048159734146571,0.0,1.0,-1.0
0.07100000000000001,4.956268406069708,-4.956268406069708,0.0,-60.87335725883301,63.059637403894,-58.88746463726542,157.78490424282808,-3.8929274562994163,1.0,1.0,0.0
0.0712,4.100443643697445,-4.100443643697445,0.0,-62.02974093153421,62.89792246541677,-56.469898913016024,157.37955799604137,-3.2549261786012043,-1.0,1.0,0.0
0.0714,5.162939137491305,-5.162939137491305,0.0,-62.77751297612192,62.74196855538759,-53.62260094870561,156.9850260136421,-4.128097183360223,1.0,-1.0,0.0
0.0716,5.767810356440924,-5.767810356440924,0.0,-63.16530777272161,62.58480139749663,-50.37279732266457,156.57910668127084,-4.632181121533493,-1.0,1.0,0.0
0.0718,5.183275945178596,-5.183275945178596,0.0,-63.264308100319546,62.43318314068437,-46.77894027237046,156.17355346376462,-4.171799695074235,-1.0,1.0,0.0
0.07200000000000001,4.596605208698967,-4.596605208698967,0.0,-63.14611153103023,62.29007313891709,-42.9115016679874,155.7718702970582,-3.7014424922398472,-1.0,1.0,0.0
0.0722,4.0035885373592945,-4.0035885373592945,0.0,-62.87962020865685,62.15616225788464,-38.84997637691798,155.3747307646904,-3.2218355132722616,-1.0,1.0,0.0
0.0724,5.412496679545777,-5.412496679545777,0.0,-62.524561323868255,62.02740204832343,-34.67611029257124,154.97495229116467,-4.349974484369163,1.0,-1.0,0.0
0.0726,5.635686079386053,-5.635686079386053,0.0,-62.132140342393086,61.89880338660827,-30.470691213075497,154.56744817163934,-4.522294126318526,-1.0,1.0,0.0
0.0728,5.009152384777062,-5.009152384777062,0.0,-61.74877353721987,61.77054513177081,-26.309827225974697,154.164056626075,-4.01343285340198,-1.0,1.0,0.0
0.07300000000000001,4.372960631788829,-4.372960631788829,0.0,-61.40414587957674,61.63757077717763,-22.253653143073176,153.76626033486568,-3.499184943666743,-1.0,1.0,0.0
0.0732,4.632028573337632,-4.632028573337632,0.0,-61.114505877772345,61.4933565756987,-18.34478712321626,153.37258826194653,-3.70289846859966,1.0,-1.0,0.0
0.0734,5.937859745122724,-5.937859745122724,0.0,-60.88052219731584,61.327450026194875,-14.605685963603678,152.96997432221582,-4.743766232649969,-1.0,1.0,0.0
0.0736,5.272845686421995,-5.272845686421995,0.0,-60.702002571180806,61.13931913462271,-11.041817370995341,152.5656535011835,-4.2109771946765004,-1.0,1.0,0.0
0.0738,4.601697833632174,-4.601697833632174,0.0,-60.572309416528114,60.931196589580445,-7.639531443383915,152.16696969153645,-3.674400702730969,-1.0,1.0,0.0
0.07400000000000001,4.172494566217699,-4.172494566217699,0.0,-60.47802075776745,60.705742689012965,-4.3688226109331465,151.7738915519874,-3.3315255300171636,1.0,-1.0,0.0
0.0742,5.735945715924876,-5.735945715924876,0.0,-60.39984289896475,60.46475146756099,-1.1883107656623506,151.37510696818634,-4.579833277405197,1.0,-1.0,0.0
0.07440000000000001,5.4227898923060005,-5.4227898923060005,0.0,-60.32331831074917,60.21754851612007,1.9488144321600547,150.96962490553184,-4.329796769698396,-1.0,1.0,0.0
0.0746,4.723723366159386,-4.723723366159386,0.0,-60.241668400538934,59.98138104262728,5.090575998094953,150.56982962254148,-3.7716747719597623,-1.0,1.0,0.0
0.0748,4.019562151305035,-4.019562151305035,0.0,-60.14666049600221,59.76998555087679,8.28086780939982,150.1761227474512,-3.2096474655433074,-1.0,1.0,0.0
0.075,5.565119691271395,-5.565119691271395,0.0,-60.02978803564809,59.5927134767579,11.553586682800068,149.77898047900254,-4.444639271524211,1.0,-1.0,0.0
0.0752,5.47372178494152,-5.47372178494152,0.0,-59.887750807157765,59.45814188047977,14.929118517698596,149.373018167716,-4.3733883184587405,-1.0,1.0,0.0
0.07540000000000001,4.749822201502281,-4.749822201502281,0.0,-59.728102266098176,59.37817586327416,18.414211919997992,148.97246724204768,-3.797571824315729,-1.0,1.0,0.0
0.0756,4.023119326729479,-4.023119326729479,0.0,-59.55512713198819,59.353004940173655,21.9983807240431,148.5780701555961,-3.219732250821659,-1.0,1.0,0.0
0.0758,5.590605861515575,-5.590605861515575,0.0,-59.369957922751944,59.37064531557474,25.653194685584324,148.17978860302227,-4.479908621293207,1.0,-1.0,0.0
0.076,5.445966625660024,-5.445966625660024,0.0,-59.17581008741062,59.4121088224291,29.335753612368947,147.77219016915743,-4.370415352511024,-1.0,1.0,0.0
0.0762,4.707068934810677,-4.707068934810677,0.0,-58.98340914761822,59.45747986580974,32.99580332937498,147.36999520690284,-3.7830592889939387,-1.0,1.0,0.0
0.07640000000000001,4.074501198974961,-4.074501198974961,0.0,-58.79676527561549,59.472838943798656,36.57368178533014,146.97397603228313,-3.2787412928697592,1.0,-1.0,0.0
0.0766,5.7397750229004885,-5.7397750229004885,0.0,-58.61346254312163,59.412128758236236,40.00330547063829,146.57236937988665,-4.62188299118508,1.0,-1.0,0.0
0.07680000000000001,5.362971333008119,-5.362971333008119,0.0,-58.43359121568824,59.2283371719131,43.22183051007381,146.16325251561835,-4.317210639943391,-1.0,1.0,0.0
0.077,4.600990512146562,-4.600990512146562,0.0,-58.26263605358017,58.878991889729534,46.17733803918441,145.7612680796737,-3.6976044860557105,-1.0,1.0,0.0
0.0772,4.382716318441418,-4.382716318441418,0.0,-58.09959348885482,58.316785361791176,48.82384727329567,145.36696702549096,-3.5098755498772602,1.0,-1.0,0.0
0.07740000000000001,5.94493222883109,-5.94493222883109,0.0,-57.93682536694022,57.49230459740744,51.12209439307577,144.9652899919486,-4.733673522186557,-1.0,1.0,0.0
0.0776,5.127653794157952,-5.127653794157952,0.0,-57.77570712323578,56.37247502876933,53.054161237737354,144.5635888149906,-4.048822833646115,-1.0,1.0,0.0
0.07780000000000001,4.2806735269334295,-4.2806735269334295,0.0,-57.619931262869656,54.935862115557214,54.61923610631311,144.17393446741536,-3.341898150992858,-1.0,1.0,0.0
0.078,4.547839057123504,0.0,-4.547839057123504,-57.451145052160015,53.15178094725439,55.809226975439536,143.75155457784908,-3.5831956394774647,-1.0,0.0,1.0
0.0782,4.628636250927267,0.0,-4.628636250927267,-57.29618660818189,51.04490469062066,56.671854256192844,143.36288101999858,-3.679589874581402,1.0,0.0,-1.0
0.0784,5.803495311237087,0.0,-5.803495311237087,-57.13670732573575,48.61075989604624,57.2217504385857,142.9596495510499,-4.642420259980764,-1.0,0.0,1.0
0.0786,4.97730644025283,0.0,-4.97730644025283,-56.97930974467571,45.88117184946661,57.505460060659615,142.55500205506425,-3.997234568050117,-1.0,0.0,1.0
0.07880000000000001,4.15430623758969,0.0,-4.15430623758969,-56.828772368342825,42.89740106923616,57.57307423862261,142.15735079614996,-3.343198943209111,-1.0,0.0,1.0
0.079,5.457856199488681,0.0,-5.457856199488681,-56.68302588791364,39.70482748698477,57.4701555740206,141.75877721163096,-4.3950128619073325,1.0,0.0,-1.0
0.0792,5.415478196329631,0.0,-5.415478196329631,-56.53840081509147,36.355373905208005,57.24041805826882,141.34907591594757,-4.359184584830404,-1.0,0.0,1.0
0.0794,4.572375595876052,0.0,-4.572375595876052,-56.40181772485725,32.91167791467996,56.93580309089491,140.9469151848702,-3.6767187904246295,-1.0,0.0,1.0
0.0796,4.599435665862464,0.0,-4.599435665862464,-56.27169194293185,29.430153028907526,56.59516221466165,140.55241444125244,-3.693453695333808,1.0,0.0,-1.0
0.07980000000000001,5.792337736388474,0.0,-5.792337736388474,-56.13776842638863,25.95970932843156,56.24273511795071,140.14668195408683,-4.644746649995398,-1.0,0.0,1.0
0.08,4.918711160117865,0.0,-4.918711160117865,-56.001586753028654,22.54913173072483,55.907752363161045,139.74238756124402,-3.939031848808042,-1.0,0.0,1.0
0.08020000000000001,4.037881950857126,0.0,-4.037881950857126,-55.86243628881087,19.23578317148795,55.60972639788948,139.3477005223734,-3.2301317642724037,-1.0,0.0,1.0
0.0804,5.804621118364595,0.0,-5.804621118364595,-55.711067425922174,16.04256134148915,55.3522052980449,138.9493539330151,-4.639677696083525,1.0,0.0,-1.0
0.0806,5.192049025461149,0.0,-5.192049025461149,-55.542530196181126,12.982352305608558,55.13593214565057,138.54323494638325,-4.147788253708935,-1.0,0.0,1.0
0.08080000000000001,4.285991372456689,0.0,-4.285991372456689,-55.361693620972,10.057824691594131,54.96494232028094,138.14669915524706,-3.422875918772324,-1.0,0.0,1.0
0.081,5.315962817400577,0.0,-5.315962817400577,-55.16541506668426,7.257787803005492,54.82981007308212,137.75285951149792,-4.244779593020334,1.0,0.0,-1.0
0.08120000000000001,5.4052005340236144,0.0,-5.4052005340236144,-54.94920063528379,4.5619602520907785,54.715373129184144,137.34628592271793,-4.315799358482165,-1.0,0.0,1.0
0.0814,4.4779868433420305,0.0,-4.4779868433420305,-54.725253666808406,1.9446429772592733,54.61993534457474,136.94774727527252,-3.575424404692873,-1.0,0.0,1.0
0.0816,4.947496385884557,0.0,-4.947496385884557,-54.49889248741117,-0.6256941446992307,54.53315426179518,136.55560879772634,-3.9503002621908867,1.0,0.0,-1.0
0.0818,5.565525981219911,0.0,-5.565525981219911,-54.26976884354628,-3.1813208622853435,54.43848073946353,136.14969627233233,-4.443774786078083,-1.0,0.0,1.0
0.082,4.61818427002118,0.0,-4.61818427002118,-54.05445698265359,-5.7530265258014675,54.33706566853439,135.7495117422245,-3.6874683266772976,-1.0,0.0,1.0
0.08220000000000001,4.690756126447917,0.0,-4.690756126447917,-53.86306876809704,-8.367712922528547,54.22557947779722,135.35780826124966,-3.7457572302022255,1.0,0.0,-1.0
0.0824,5.6746368548398785,0.0,-5.6746368548398785,-53.69520553801588,-11.04378302590588,54.09312731713247,134.95286196039126,-4.532394772932607,-1.0,0.0,1.0
0.0826,4.708447064483256,0.0,-4.708447064483256,-53.56388133097674,-13.793337294755363,53.94625175663486,134.55134709948786,-3.7621754181641767,-1.0,0.0,1.0
0.0828,4.536536641164518,0.0,-4.536536641164518,-53.47492632199259,-16.619038198116286,53.78891186397537,134.15926961154034,-3.627079467647368,1.0,0.0,-1.0
0.083,5.737577419985248,0.0,-5.737577419985248,-53.41907110770918,-19.51007615784372,53.61500226917109,133.75454710846017,-4.591367514991861,-1.0,0.0,1.0
0.08320000000000001,4.756483295513539,0.0,-4.756483295513539,-53.39686673962136,-22.450250732952597,53.43367228542165,133.35147071804295,-3.8105142117084387,-1.0,0.0,1.0
0.0834,4.462432024757218,0.0,-4.462432024757218,-53.401301023930756,-25.41501305911016,53.251751818800706,132.95815593558473,-3.579562270509432,1.0,0.0,-1.0
0.08360000000000001,5.7651532427229615,0.0,-5.7651532427229615,-53.40794163136103,-28.367153579763524,53.063672102979,132.5524503583765,-4.630809672087567,-1.0,0.0,1.0
0.0838,4.772658910194795,0.0,-4.772658910194795,-53.40150820694562,-31.270892336411865,52.877419369129434,132.14753925030243,-3.8383845324667374,-1.0,0.0,1.0
0.084,4.451141544701253,0.0,-4.451141544701253,-53.360838002792384,-34.088117815442345,52.698623014045374,131.75273924097775,-3.5831184676716106,1.0,0.0,-1.0
0.08420000000000001,5.761298621954708,0.0,-5.761298621954708,-53.248591723825456,-36.772456812592104,52.51941614413798,131.34578580940237,-4.63936527709267,-1.0,0.0,1.0
0.0844,4.752795386007481,0.0,-4.752795386007481,-53.039863617972635,-39.28856497207498,52.34547673409038,130.9402924876382,-3.8252164392056756,-1.0,0.0,1.0
0.08460000000000001,4.530365861832884,0.0,-4.530365861832884,-52.70755187274695,-41.605257168809594,52.180210381375105,130.54584450345982,-3.639946865007447,1.0,0.0,-1.0
0.0848,5.702226559381991,0.0,-5.702226559381991,-52.21254558896799,-43.68714571749065,52.01363608221565,130.13963815767676,-4.566796939978564,-1.0,0.0,1.0
0.085,4.658350868766345,0.0,-4.658350868766345,-51.53434137142972,-45.51847191705324,51.85124117237744,129.73806151300323,-3.7121436272777117,-1.0,0.0,1.0
0.0852,4.8004385270552214,0.0,-4.8004385270552214,-50.653052946387895,-47.0895558687001,51.69502144858943,129.34867558889007,-3.798381678503733,1.0,0.0,-1.0
0.0854,5.523339025173118,0.0,-5.523339025173118,-49.542380867751866,-48.387954027207975,51.534859996912466,128.9481472822698,-4.3295222210717785,-1.0,0.0,1.0
0.08560000000000001,0.0,4.322315224618032,-4.322315224618032,-48.20734273269568,-49.43302166825857,51.38636711569095,128.57659453256247,-3.389210770916696,0.0,1.0,1.0
0.0858,0.0,5.388471170446019,-5.388471170446019,-46.621465466615376,-50.21306357855761,51.22462673307145,128.1716623046381,-4.264546936605232,0.0,-1.0,1.0
0.08600000000000001,0.0,4.30209672301415,-4.30209672301415,-44.80643424408344,-50.76311544233748,51.067260454942,127.77641162632939,-3.428521124322404,0.0,-1.0,1.0
0.0862,0.0,5.534719697823636,-5.534719697823636,-42.77179098692982,-51.10402453336776,50.911408202289884,127.38186750114964,-4.432552576911708,0.0,1.0,-1.0
0.0864,0.0,5.1547419695035535,-5.1547419695035535,-40.53301318004313,-51.25801441989951,50.75205551455543,126.9732541122597,-4.141309856784684,0.0,-1.0,1.0
0.08660000000000001,0.0,4.075036190789239,-4.075036190789239,-38.12493155456673,-51.26582337970685,50.600204861217655,126.5759211775299,-3.2795159445177093,0.0,-1.0,1.0
0.0868,0.0,5.987862848732726,-5.987862848732726,-35.57389288360265,-51.152462106309194,50.4502892565932,126.17430101796324,-4.821769055239997,0.0,1.0,-1.0
0.08700000000000001,0.0,4.91308806017961,-4.91308806017961,-32.91430408882043,-50.94753020502804,50.30164609797506,125.76608153446809,-3.9553281228768524,0.0,-1.0,1.0
0.0872,0.0,4.361685682717478,-4.361685682717478,-30.187677132431944,-50.68755233011748,50.161926731870075,125.37105094772738,-3.508574950987605,0.0,1.0,-1.0
0.0874,0.0,5.731124009743755,-5.731124009743755,-27.424002886334222,-50.38807733649181,50.0205008716198,124.96479184378528,-4.6049291553424085,0.0,-1.0,1.0
0.0876,0.0,4.61410372833104,-4.61410372833104,-24.661096490279533,-50.07632753967518,49.88146202889233,124.56118945098612,-3.702723228293687,0.0,-1.0,1.0
0.0878,0.0,4.989468688382688,-4.989468688382688,-21.930958912083703,-49.77266646936878,49.745892122155624,124.16787706739667,-3.998978993060106,0.0,1.0,-1.0
0.08800000000000001,0.0,5.387734812580038,-5.387734812580038,-19.25513011457431,-49.47991737973209,49.60142092165527,123.75981370597357,-4.313387032980305,0.0,-1.0,1.0
0.0882,0.0,4.245908683324378,-4.245908683324378,-16.658202309537625,-49.21665465489437,49.455615051548975,123.36207613628991,-3.3961283716322574,0.0,-1.0,1.0
0.0884,0.0,5.736389363364393,-5.736389363364393,-14.152334547813439,-48.98394205644725,49.302658357970536,122.96603639641859,-4.585088905044463,0.0,1.0,-1.0
0.0886,0.0,4.978359132377426,-4.978359132377426,-11.74341485041718,-48.77805649542044,49.13579015416507,122.55971471944599,-3.9772472852927203,0.0,-1.0,1.0
0.0888,0.0,4.353844642491449,-4.353844642491449,-9.434397188529939,-48.606936599109986,48.96352956088672,122.16755725866281,-3.47724601267635,0.0,1.0,-1.0
0.08900000000000001,0.0,5.691366517006783,-5.691366517006783,-7.2173684242521885,-48.45639595749652,48.7751630938053,121.76376196337482,-4.54470550727069,0.0,-1.0,1.0
0.0892,0.0,4.512808776490215,-4.512808776490215,-5.0827323037201335,-48.32705412031215,48.57738224637134,121.36324355020808,-3.603324846336121,0.0,-1.0,1.0
0.08940000000000001,0.0,5.272272445500599,-5.272272445500599,-3.0153589077626335,-48.21485146837687,48.37402809484869,120.97091102501382,-4.20963092654292,0.0,1.0,-1.0
0.0896,0.0,5.192568930119392,-5.192568930119392,-0.9967281126317128,-48.10453099189482,48.15895251553155,120.56380173751396,-4.145977203456008,0.0,-1.0,1.0
0.0898,0.0,4.0056343199088005,-4.0056343199088005,0.9920849792147293,-48.001579293509664,47.947410655992336,120.16991887842492,-3.198275996933479,0.0,1.0,-1.0
0.09000000000000001,0.0,5.855063149484078,-5.855063149484078,2.9707551709520117,-47.893138305635766,47.73625797514909,119.76923264093348,-4.674958182705019,0.0,-1.0,1.0
0.0902,0.0,4.644567297631789,-4.644567297631789,4.957306272239945,-47.777410424892516,47.53282086279275,119.36676319553872,-3.7085263227197056,0.0,-1.0,1.0
0.09040000000000001,0.0,5.068630490022588,-5.068630490022588,6.96805429042098,-47.65687405739259,47.34751452140056,118.97519712115695,-4.047416203446606,0.0,1.0,-1.0
0.0906,0.0,5.275130548694063,-5.275130548694063,9.013586892438362,-47.519525219844446,47.174743694639325,118.56805528838326,-4.21297818811392,0.0,-1.0,1.0
0.0908,0.0,4.048943661488899,-4.048943661488899,11.103344458092806,-47.376246225385046,47.02963031021694,118.1732190728153,-3.234608301315717,0.0,-1.0,1.0
0.091,0.0,5.889529844558106,-5.889529844558106,13.23879627417735,-47.220652578970544,46.90780370865932,117.77311801226261,-4.707121301403072,0.0,-1.0,1.0
0.0912,0.0,4.650163433102759,-4.650163433102759,15.417503155990707,-47.05495030914648,46.81084591277206,117.36980887069825,-3.7189401380989393,0.0,-1.0,1.0
0.09140000000000001,0.0,5.098204525517004,-5.098204525517004,17.634007295047265,-46.886681474796234,46.7429533038465,116.97745600451331,-4.080641211179729,0.0,1.0,-1.0
0.0916,0.0,5.238024277057189,-5.238024277057189,19.872204862192998,-46.70714656987218,46.68941265885961,116.56911490366714,-4.196767257244711,0.0,-1.0,1.0
0.0918,0.0,4.022953108746504,-4.022953108746504,22.12036996968827,-46.529993016823994,46.65514951223861,116.17356716327212,-3.2268911765394708,0.0,1.0,-1.0
0.092,0.0,5.814068594778623,-5.814068594778623,24.35543344629919,-46.34895695451762,46.622746473594674,115.77034825088697,-4.669104561498271,0.0,-1.0,1.0
0.0922,0.0,4.553038407675961,-4.553038407675961,26.556518186523537,-46.168326969486145,46.58316498439601,115.3661245460646,-3.660529526296539,0.0,-1.0,1.0
0.09240000000000001,0.0,5.307743852231247,-5.307743852231247,28.702886516127595,-45.99334293381908,46.52659317117383,114.97097336653397,-4.271270458018462,0.0,1.0,-1.0
0.0926,0.0,5.106086451501184,-5.106086451501184,30.765013698557787,-45.81501813958,46.42752766351502,114.56052137010057,-4.111350120828692,0.0,-1.0,1.0
0.09280000000000001,0.0,4.30752567833069,-4.30752567833069,32.72800194149903,-45.645704648829955,46.2812913280342,114.16481899490002,-3.4684756581608,0.0,1.0,-1.0
0.093,0.0,5.642860696094561,-5.642860696094561,34.563802389126806,-45.474881073972504,46.05986424254388,113.7576711304484,-4.5405097655462185,0.0,-1.0,1.0
0.0932,0.0,4.352559492097927,-4.352559492097927,36.25887866126958,-45.308861251990926,45.75272566736494,113.35572032923787,-3.496523804534564,0.0,-1.0,1.0
0.09340000000000001,0.0,5.719019945980272,-5.719019945980272,37.798632074305445,-45.147180428948495,45.34351223807089,112.95913956281896,-4.581462627027642,0.0,1.0,-1.0
0.0936,0.0,4.841896598074789,-4.841896598074789,39.16688773953679,-44.98318151312519,44.811315225462295,112.55281855117991,-3.8628590014980717,0.0,-1.0,1.0
0.09380000000000001,0.0,4.869575955498451,-4.869575955498451,40.36579047131476,-44.8267713169726,44.153971560227184,112.16304813543987,-3.8631126134694793,0.0,1.0,-1.0
0.094,0.0,5.288130552079231,-5.288130552079231,41.38219032280777,-44.66560097963063,43.34988145143475,111.76017417533778,-4.164608413812029,0.0,-1.0,1.0
0.0942,0.0,4.13170215954556,-4.13170215954556,42.2283088511675,-44.511095156112226,42.4039055001478,111.37360937083893,-3.224344599560034,0.0,1.0,-1.0
0.0944,-5.899023458509007,5.899023458509007,0.0,42.89348654659013,-44.34618258043938,41.29692815450239,110.96095827605774,-4.637927273596317,-1.0,-1.0,0.0
0.0946,-4.898229667936454,4.898229667936454,0.0,43.400376668314976,-44.18549125302724,40.043796937389835,110.55861874988611,-3.8804364742909216,1.0,-1.0,0.0
0.09480000000000001,-4.8159624034352095,4.8159624034352095,0.0,43.76233193500849,-44.03038853496035,38.64969275124369,110.16933996880564,-3.8377868216182827,-1.0,1.0,0.0
0.095,-5.308625460235363,5.308625460235363,0.0,43.98156563961573,-43.86901339256882,37.112051638557126,109.76241964077666,-4.2488660697619975,1.0,-1.0,0.0
0.0952,-4.082516910786679,4.082516910786679,0.0,44.085747470466494,-43.71344577497085,35.45266096300536,109.36686878186184,-3.2774248286549827,-1.0,1.0,0.0
0.0954,-5.720420459587531,5.720420459587531,0.0,44.08383475071323,-43.55593486177168,33.67924667620665,108.96208202732504,-4.601016443858638,1.0,-1.0,0.0
0.0956,-4.357870534660591,4.357870534660591,0.0,43.99793095004227,-43.40133112899353,31.812518431560896,108.55918273075308,-3.50845188204805,1.0,-1.0,0.0
0.09580000000000001,-5.78513883575601,5.78513883575601,0.0,43.84654461155164,-43.25095988708451,29.87183627893603,108.16085773016745,-4.658535133195025,-1.0,1.0,0.0
0.096,-4.746646501527413,4.746646501527413,0.0,43.640283860885376,-43.09891406796441,27.87293627063905,107.75224924597622,-3.8209904041482776,1.0,-1.0,0.0
0.09620000000000001,-5.114534012120946,5.114534012120946,0.0,43.40442409417736,-42.954746166963695,25.842343569061626,107.35780117617941,-4.114157599356192,-1.0,1.0,0.0
0.0964,-5.114926689582206,5.114926689582206,0.0,43.14065430324961,-42.80602988408508,23.792399666043067,106.9477073422156,-4.110522794324202,1.0,-1.0,0.0
0.0966,-4.489810143006216,4.489810143006216,0.0,42.87356409996491,-42.66461765972941,21.749073677840602,106.55351621201035,-3.6042939710674324,-1.0,1.0,0.0
0.09680000000000001,-5.460479075116737,5.460479075116737,0.0,42.601196641547006,-42.517828123920744,19.72305891439667,106.14607107634563,-4.378783396437528,1.0,-1.0,0.0
0.097,-4.050089096109155,4.050089096109155,0.0,42.34071604137345,-42.373917665144724,17.733870833206506,105.748957179926,-3.2444935950704616,1.0,-1.0,0.0
0.09720000000000001,-5.783196344371623,5.783196344371623,0.0,42.091683969799774,-42.225573010218376,15.790876224138804,105.34712825768536,-4.6287284750802895,1.0,-1.0,0.0
0.0974,-4.356741154315391,4.356741154315391,0.0,41.85995941600992,-42.07371561094659,13.904420217429449,104.94610417966021,-3.484429451491235,1.0,-1.0,0.0
0.0976,-5.855741072149226,5.855741072149226,0.0,41.649126599356194,-41.9188857606639,12.081206926264862,104.55019447767657,-4.680552195423509,-1.0,1.0,0.0
0.0978,-4.642745624705023,4.642745624705023,0.0,41.45393515714079,-41.754483683497845,10.32284304375402,104.14538327792819,-3.7093869200140617,1.0,-1.0,0.0
0.098,-5.377764140230603,5.377764140230603,0.0,41.28196187776388,-41.58840799809948,8.631765058334452,103.75305022336511,-4.2953657983705495,-1.0,1.0,0.0
0.09820000000000001,-4.909512235992149,4.909512235992149,0.0,41.12051226498066,-41.4095242112803,7.003077835149435,103.34611565344221,-3.920633314132556,1.0,-1.0,0.0
0.0984,-4.936417073167532,4.936417073167532,0.0,40.9790593650862,-41.23018167420124,5.434125549653198,102.95495035488995,-3.9417152807087796,-1.0,1.0,0.0
0.09860000000000001,-5.158059041689802,5.158059041689802,0.0,40.84192710500631,-41.03832916208369,3.916068235682793,102.54778318952512,-4.118501473540214,1.0,-1.0,0.0
0.0988,-4.529592462495626,4.529592462495626,0.0,40.71837689415287,-40.84767422912811,2.4418818632652295,102.15591023953618,-3.616638229714078,-1.0,1.0,0.0
0.099,-5.388916740754481,5.388916740754481,0.0,40.59359844297416,-40.648164722549765,1.0011148834609795,101.75006174759275,-4.30275019053205,1.0,-1.0,0.0
0.09920000000000001,-4.15620384627917,4.15620384627917,0.0,40.47497134487416,-40.45220088155705,-0.41573222432361745,101.35606564975123,-3.31849724355215,-1.0,1.0,0.0
0.0994,-5.602254321737122,5.602254321737122,0.0,40.35150436387256,-40.25373912786188,-1.8187683311538216,100.95277098543801,-4.473092410424073,1.0,-1.0,0.0
0.09960000000000001,-4.108889460313252,4.108889460313252,0.0,40.22733762254935,-40.06161710251776,-3.2175238989957267,100.55577647186462,-3.280750757682243,1.0,-1.0,0.0
0.0998,-5.798129009645569,5.798129009645569,0.0,40.09717782787796,-39.87480308976457,-4.620331487863614,100.15577954656025,-4.629666551612696,1.0,-1.0,0.0
0.1,-4.292366837172969,4.292366837172969,0.0,39.96121479235711,-39.69711789563944,-6.034320312083272,99.75587881038616,-3.4275953418681953,1.0,-1.0,0.0
