time_s,ia_A,ib_A,ic_A,ea_V,eb_V,ec_V,speed_rad_s,torque_Nm,cmd_a,cmd_b,cmd_c,vab_V,vbc_V,vca_V,mechanical_angle_rad
0.0,0.0,0.0,0.0,0.0,-11.976664369760206,11.976664369760206,30.0,0.0,0.0,0.0,0.0,11.976664369760206,-23.953328739520412,11.976664369760206,0.0
0.0002,0.0,0.0,0.0,0.12350549352799475,-11.980046694996675,11.97328211000729,30.0,0.0,0.0,0.0,0.0,12.10355218852467,-23.953328805003963,11.849776616479295,0.006000000000000002
0.0004,0.0,0.0,0.0,0.24708653921524243,-11.983410587063014,11.969919199281629,30.0,0.0,0.0,0.0,0.0,12.230497126278257,-23.953329786344643,11.722832660066386,0.011999999999999964
0.0006,0.0,0.0,0.0,0.37081835470321456,-11.986738400210646,11.966595631162622,30.0,0.0,0.0,0.0,0.0,12.35755675491386,-23.953334031373267,11.595777276459408,0.01799999999999992
0.0008,0.0,0.0,0.0,0.4947754897900226,-11.990013402665786,11.963332027712788,30.0,0.0,0.0,0.0,0.0,12.484788892455809,-23.953345430378576,11.468556537922765,0.023999999999999872
0.001,0.0,0.0,0.0,0.6190314954848863,-11.993219830682019,11.960149551402504,30.0,0.0,0.0,0.0,0.0,12.612251326166906,-23.953369382084524,11.341118055917617,0.029999999999999825
0.0012,0.0,0.0,0.0,0.7436585966217476,-11.996342935538415,11.95706981072232,30.0,0.0,0.0,0.0,0.0,12.740001532160163,-23.953412746260735,11.213411214100573,0.03599999999999983
0.0014,0.0,0.0,0.0,0.8687273691980889,-11.999369023479497,11.9541147597273,30.0,0.0,0.0,0.0,0.0,12.868096392677586,-23.9534837832068,11.085387390529212,0.04199999999999985
0.0016,0.0,0.0,0.0,0.9943064235876932,-12.002285488626569,11.951306591791505,30.0,0.0,0.0,0.0,0.0,12.996591912214262,-23.953592080418076,10.957000168203813,0.04799999999999987
0.0018,0.0,0.0,0.0,1.120462094754546,-12.005080838922353,11.948667627883971,30.0,0.0,0.0,0.0,0.0,13.125542933676899,-23.953748466806324,10.828205533129426,0.05399999999999989
0.002,0.0,0.0,0.0,1.2472581405694343,-12.007744715202268,11.946220199709794,30.0,0.0,0.0,0.0,0.0,13.255002855771702,-23.953964914912063,10.69896205914036,0.05999999999999991
0.0022,0.0,0.0,0.0,1.374755449301117,-12.010267903516224,11.943986528091177,30.0,0.0,0.0,0.0,0.0,13.385023352817342,-23.954254431607403,10.56923107879006,0.066
0.0024,0.0,0.0,0.0,1.5030117573203512,-12.012642340854109,11.941988596993705,30.0,0.0,0.0,0.0,0.0,13.51565409817446,-23.954630937847813,10.438976839673353,0.07200000000000015
0.0026,0.0,0.0,0.0,1.6320813780176922,-12.014861114455998,11.94024802363177,30.0,0.0,0.0,0.0,0.0,13.646942492473691,-23.95510913808777,10.30816664561408,0.0780000000000003
0.0028,0.0,0.0,0.0,1.7620149428949634,-12.016918454915002,11.938785925114914,30.0,0.0,0.0,0.0,0.0,13.778933397809965,-23.955704380029914,10.176770982219951,0.08400000000000046
0.003,0.0,0.0,0.0,1.8928591557458023,-12.018809723305528,11.937622782122467,30.0,0.0,0.0,0.0,0.0,13.91166887905133,-23.956432505427998,10.044763626376666,0.09000000000000062
0.0032,0.0,0.0,0.0,2.024656560792871,-12.02053139259337,11.93677830011836,30.0,0.0,0.0,0.0,0.0,14.04518795338624,-23.957309692711732,9.912121739325489,0.09600000000000078
0.0034,0.0,0.0,0.0,2.157445325598376,-12.022081023605905,11.936271268640219,30.0,0.0,0.0,0.0,0.0,14.17952634920428,-23.958352292246126,9.778825943041843,0.10200000000000092
0.0036,0.0,0.0,0.0,2.2912590395106838,-12.023457235860628,11.936119419217318,30.0,0.0,0.0,0.0,0.0,14.31471627537131,-23.959576655077946,9.644860379706635,0.10800000000000108
0.0038,0.0,0.0,0.0,2.426126528353174,-12.024659673568609,11.93633928249032,30.0,0.0,0.0,0.0,0.0,14.450786201921783,-23.96099895605893,9.510212754137145,0.11400000000000124
0.004,0.0,0.0,0.0,2.5620716860023682,-12.025688967145765,11.936946045121873,30.0,0.0,0.0,0.0,0.0,14.587760653148134,-23.96263501226764,9.374874359119506,0.12000000000000152
0.0042,0.0,0.0,0.0,2.69911332344095,-12.026546690579138,11.937953407100892,30.0,0.0,0.0,0.0,0.0,14.72566001402009,-23.96450009768003,9.238840083659941,0.12600000000000186
0.0044,0.0,0.0,0.0,2.8372650358077993,-12.027235315007953,11.939373440054872,30.0,0.0,0.0,0.0,0.0,14.864500350815753,-23.966608755062826,9.102108404247073,0.132000000000002
0.0046,0.0,0.0,0.0,2.9765350879019294,-12.027758158889498,11.941216447193531,30.0,0.0,0.0,0.0,0.0,15.004293246791427,-23.96897460608303,8.964681359291601,0.13800000000000212
0.0048,0.0,0.0,0.0,3.116926318530233,-12.02811933512821,11.943490825513418,30.0,0.0,0.0,0.0,0.0,15.145045653658443,-23.971610160641628,8.826564506983186,0.14400000000000224
0.005,0.0,0.0,0.0,3.258436064020914,-12.028323695552785,11.946202930896947,30.0,0.0,0.0,0.0,0.0,15.2867597595737,-23.97452662644973,8.687766866876032,0.15000000000000238
0.0052,0.0,0.0,0.0,3.401056101155131,-12.028376773130208,11.949356946740494,30.0,0.0,0.0,0.0,0.0,15.42943287428534,-23.977733719870702,8.548300845585363,0.1560000000000025
0.0054,0.0,0.0,0.0,3.5447726096994305,-12.028284722307967,11.952954756744449,30.0,0.0,0.0,0.0,0.0,15.573057332007398,-23.981239479052416,8.408182147045018,0.16200000000000264
0.0056,0.0,0.0,0.0,3.6895661546508975,-12.02805425787579,11.956995822493923,30.0,0.0,0.0,0.0,0.0,15.717620412526687,-23.98505008036971,8.267429667843025,0.16800000000000276
0.0058,0.0,0.0,0.0,3.8354116882362312,-12.02769259273652,11.96147706645163,30.0,0.0,0.0,0.0,0.0,15.86310428097275,-23.98916965918815,8.126065378215399,0.17400000000000287
0.006,0.0,0.0,0.0,3.9822785716350166,-12.027207374971915,11.966392760974573,30.0,0.0,0.0,0.0,0.0,16.009485946606933,-23.993600135946487,7.984114189339556,0.18000000000000302
0.0062,0.0,0.0,0.0,4.130130616326988,-12.02660662458352,11.971734423953636,30.0,0.0,0.0,0.0,0.0,16.15673724091051,-23.998341048537156,7.841603807626648,0.18600000000000314
0.0064,0.0,0.0,0.0,4.2789261448930125,-12.025898670281197,11.977490721659661,30.0,0.0,0.0,0.0,0.0,16.30482481517421,-24.003389391940857,7.698564576766649,0.19200000000000328
0.0066,0.0,0.0,0.0,4.428618071030254,-12.025092086682657,11.9836473793616,30.0,0.0,0.0,0.0,0.0,16.453710157712912,-24.008739466044254,7.555029308331346,0.1980000000000034
0.0068,0.0,0.0,0.0,4.579153998473885,-12.02419563227616,11.990187100261513,30.0,0.0,0.0,0.0,0.0,16.603349630750046,-24.014382732537673,7.411033101787629,0.2040000000000035
0.007,0.0,0.0,0.0,4.730476338450708,-12.023218188485982,11.997089493267868,30.0,0.0,0.0,0.0,0.0,16.75369452693669,-24.02030768175385,7.26661315481716,0.21000000000000366
0.0072,0.0,0.0,0.0,4.882522445224819,-12.022168700165999,12.004331010102442,30.0,0.0,0.0,0.0,0.0,16.904691145390817,-24.02649971026844,7.1218085648776235,0.21600000000000377
0.0074,0.0,0.0,0.0,5.035224769231847,-12.021056117830916,12.011884892207986,30.0,0.0,0.0,0.0,0.0,17.056280887062762,-24.032941010038904,6.976660122976139,0.22200000000000392
0.0076,0.0,0.0,0.0,5.188511027236845,-12.019889341917848,12.019721127892801,30.0,0.0,0.0,0.0,0.0,17.208400369154692,-24.039610469810647,6.831210100655956,0.22800000000000403
0.0078,0.0,0.0,0.0,5.34230438889157,-12.018677169352424,12.027806420115246,30.0,0.0,0.0,0.0,0.0,17.360981558243992,-24.04648358946767,6.685502031223676,0.23400000000000415
0.008,0.0,0.0,0.0,5.496523679010201,-12.01742824267424,12.036104165276097,30.0,0.0,0.0,0.0,0.0,17.51395192168444,-24.053532407950335,6.539580486265896,0.2400000000000043
0.0082,0.0,0.0,0.0,5.651083594828346,-12.016151001956047,12.044574443349095,30.0,0.0,0.0,0.0,0.0,17.667234596784393,-24.060725445305142,6.393490848520749,0.24600000000000444
0.0084,0.0,0.0,0.0,5.805894937459008,-12.014853639729562,12.053174019640938,30.0,0.0,0.0,0.0,0.0,17.82074857718857,-24.0680276593705,6.24727908218193,0.25200000000000466
0.0086,0.0,0.0,0.0,5.960864856710941,-12.01354405910872,12.061856358430775,30.0,0.0,0.0,0.0,0.0,17.97440891581966,-24.075400417539495,6.100991501719834,0.25800000000000534
0.0088,0.0,0.0,0.0,6.115897108389891,-12.012229835278298,12.070571648696616,30.0,0.0,0.0,0.0,0.0,18.12812694366819,-24.08280148397491,5.9546745403067245,0.264000000000006
0.009,0.0,0.0,0.0,6.2708923231616875,-12.010918180492467,12.079266842091927,30.0,0.0,0.0,0.0,0.0,18.281810503654157,-24.090185022584393,5.80837451893024,0.2700000000000066
0.0092,0.0,0.0,0.0,6.425748286017977,-12.009615912704156,12.087885703290098,30.0,0.0,0.0,0.0,0.0,18.435364198722134,-24.097501615994254,5.662137417272121,0.2760000000000073
0.0094,0.0,0.0,0.0,6.580360225351135,-12.008329427921902,12.096368872767894,30.0,0.0,0.0,0.0,0.0,18.588689653273036,-24.104698300689797,5.516008647416759,0.28200000000000797
0.0096,0.0,0.0,0.0,6.7346211106142,-12.007064676366904,12.104653942051428,30.0,0.0,0.0,0.0,0.0,18.741685786981105,-24.11171861841833,5.370032831437228,0.2880000000000086
0.0098,0.0,0.0,0.0,6.888421957514986,-12.005827142478507,12.112675541399748,30.0,0.0,0.0,0.0,0.0,18.894249099993495,-24.118502683878255,5.224253583884762,0.29400000000000925
0.01,0.0,0.0,0.0,7.041652139670714,-12.004621828792622,12.12036543985229,30.0,0.0,0.0,0.0,0.0,19.046273968463336,-24.12498726864491,5.078713300181575,0.3000000000000099
0.0102,0.0,0.0,0.0,7.194199705630849,-12.003453243693402,12.127652657517018,30.0,0.0,0.0,0.0,0.0,19.19765294932425,-24.131105901210418,4.933452951886169,0.3060000000000106
0.0104,0.0,0.0,0.0,7.345951700161093,-12.002325393015278,12.134463589926568,30.0,0.0,0.0,0.0,0.0,19.34827709317637,-24.136788982941844,4.788511889765475,0.3120000000000112
0.0106,0.0,0.0,0.0,7.496794488671056,-12.001241775449294,12.14072214424027,30.0,0.0,0.0,0.0,0.0,19.49803626412035,-24.141963919689566,4.643927655569214,0.3180000000000119
0.0108,0.0,0.0,0.0,7.646614083661691,-12.000205381685491,12.146349887020522,30.0,0.0,0.0,0.0,0.0,19.646819465347182,-24.146555268706013,4.49973580335883,0.32400000000001256
0.011,0.0,0.0,0.0,7.795296472066477,-11.99921869720119,12.151266203263186,30.0,0.0,0.0,0.0,0.0,19.79451516926767,-24.150484900464377,4.3559697311967085,0.33000000000001317
0.0112,0.0,0.0,0.0,7.942727942362148,-11.998283708584474,12.155388466313386,30.0,0.0,0.0,0.0,0.0,19.94101165094662,-24.15367217489786,4.2126605239512385,0.33600000000001384
0.0114,0.0,0.0,0.0,8.088795410330981,-11.997401913262035,12.158632218250746,30.0,0.0,0.0,0.0,0.0,20.086197323593016,-24.156034131512783,4.069836807919765,0.3420000000000145
0.0116,0.0,0.0,0.0,8.233386742366683,-11.996574332481854,12.160911360281519,30.0,0.0,0.0,0.0,0.0,20.22996107484854,-24.157485692763373,3.9275246179148358,0.34800000000001513
0.0118,0.0,0.0,0.0,8.376391075230194,-11.995801527383328,12.162138352630222,30.0,0.0,0.0,0.0,0.0,20.372192602613524,-24.15793988001355,3.785747277400029,0.3540000000000158
0.012,0.0,0.0,0.0,8.517699131179818,-11.995083617971062,12.162224423379348,30.0,0.0,0.0,0.0,0.0,20.51278274915088,-24.15730804135041,3.64452529219953,0.3600000000000165
0.0122,0.0,0.0,0.0,8.657203527422041,-11.994420304793142,12.161079785663794,30.0,0.0,0.0,0.0,0.0,20.651623832215183,-24.155500090456936,3.5038762582417533,0.36600000000001714
0.0124,0.0,0.0,0.0,8.794799078855286,-11.993810893111048,12.158613862586316,30.0,0.0,0.0,0.0,0.0,20.788609971966334,-24.152424755697364,3.36381478373103,0.37200000000001776
0.0126,0.0,0.0,0.0,8.930383093108139,-11.993254319335632,12.154735519182037,30.0,0.0,0.0,0.0,0.0,20.92363741244377,-24.147989838517667,3.2243524260738976,0.37800000000001843
0.0128,0.0,0.0,0.0,9.06385565690657,-11.992749179492945,12.14935330072382,30.0,0.0,0.0,0.0,0.0,21.056604836399515,-24.142102480216764,3.0854976438172503,0.3840000000000191
0.013,0.0,0.0,0.0,9.19511991284102,-11.992293759473933,12.142375676626598,30.0,0.0,0.0,0.0,0.0,21.187413672314953,-24.13466943610053,2.947255763785577,0.3900000000000197
0.0132,0.0,0.0,0.0,9.32408232564366,-11.991886066814455,12.133711289177441,30.0,0.0,0.0,0.0,0.0,21.315968392458117,-24.125597355991896,2.8096289635337808,0.3960000000000204
0.0134,0.0,0.0,0.0,9.450652937128758,-11.99152386374552,12.123269206289436,30.0,0.0,0.0,0.0,0.0,21.44217680087428,-24.114793070034956,2.6726162691606774,0.40200000000002106
0.0136,0.0,0.0,0.0,9.574745608994625,-11.991204701249215,12.11095917745162,30.0,0.0,0.0,0.0,0.0,21.565950310243842,-24.102163878700836,2.5362135684569953,0.4080000000000217
0.0138,0.0,0.0,0.0,9.696278252733617,-11.990925953852692,12.096691892024241,30.0,0.0,0.0,0.0,0.0,21.68720420658631,-24.087617845876935,2.4004136392906243,0.41400000000002235
0.014,0.0,0.0,0.0,9.81517304594737,-11.990684854891159,12.080379239008792,30.0,0.0,0.0,0.0,0.0,21.80585790083853,-24.07106409389995,2.265206193061422,0.420000000000023
0.0142,0.0,0.0,0.0,9.93135663441746,-11.99047853197121,12.061934567405302,30.0,0.0,0.0,0.0,0.0,21.921835166388668,-24.052413099376512,2.1305779329878423,0.4260000000000237
0.0144,0.0,0.0,0.0,10.044760319336495,-11.99030404236758,12.041272946256173,30.0,0.0,0.0,0.0,0.0,22.035064361704073,-24.031576988623755,1.996512626919678,0.4320000000000243
0.0146,0.0,0.0,0.0,10.155320229161632,-11.990158408090055,12.018311423465338,30.0,0.0,0.0,0.0,0.0,22.145478637251685,-24.008469831555395,1.8629911943037065,0.438000000000025
0.0148,0.0,0.0,0.0,10.262977475610887,-11.990038650362152,11.992969282475011,30.0,0.0,0.0,0.0,0.0,22.25301612597304,-23.98300793283716,1.729991806864124,0.44400000000002565
0.015,0.0,0.0,0.0,10.367678293382525,-11.98994182326,11.965168295878849,30.0,0.0,0.0,0.0,0.0,22.357620116642526,-23.95511011913885,1.5974900024963237,0.45000000000002627
0.0152,0.0,0.0,0.0,10.469374163238706,-11.989865046267742,11.934832975050607,30.0,0.0,0.0,0.0,0.0,22.45923920950645,-23.92469802131835,1.4654588118119012,0.45600000000002694
0.0154,0.0,0.0,0.0,10.568021918156662,-11.989805535515458,11.901890814871061,30.0,0.0,0.0,0.0,0.0,22.557827453672118,-23.891696350386518,1.3338688967143995,0.4620000000000276
0.0156,0.0,0.0,0.0,10.663583832312993,-11.989760633476449,11.86627253264338,30.0,0.0,0.0,0.0,0.0,22.65334446578944,-23.85603316611983,1.2026887003303877,0.4680000000000282
0.0158,0.0,0.0,0.0,10.756027692730013,-11.989727836912936,11.827912300297841,30.0,0.0,0.0,0.0,0.0,22.74575552964295,-23.817640137210777,1.0718846075678279,0.47400000000002906
0.016,0.0,0.0,0.0,10.845326853475886,-11.989704822872717,11.786747969001356,30.0,0.0,0.0,0.0,0.0,22.835031676348603,-23.77645279187407,0.9414211155254701,0.4800000000000297
0.0162,0.0,0.0,0.0,10.931460272373831,-11.98968947255385,11.742721285305139,30.0,0.0,0.0,0.0,0.0,22.921149744927682,-23.73241075785899,0.8112610129313076,0.4860000000000303
0.0164,0.0,0.0,0.0,11.014412530238161,-11.989679892870182,11.695778097985258,30.0,0.0,0.0,0.0,0.0,23.004092423108343,-23.68545799085544,0.6813655677470969,0.49200000000003113
0.0166,0.0,0.0,0.0,11.094173832717345,-11.989674435567093,11.645868554755713,30.0,0.0,0.0,0.0,0.0,23.083848268284438,-23.635542990322804,0.5516947220383681,0.49800000000003175
0.0168,0.0,0.0,0.0,11.170739994885952,-11.989671713754344,11.592947288061952,30.0,0.0,0.0,0.0,0.0,23.160411708640297,-23.582619001816298,0.42220729317599925,0.5040000000000331
0.017,0.0,0.0,0.0,11.244112408787482,-11.989670615741293,11.5369735891941,30.0,0.0,0.0,0.0,0.0,23.233783024528776,-23.526644204935394,0.2928611804066179,0.5100000000000349
0.0172,0.0,0.0,0.0,11.314297994189747,-11.989670316078463,11.47791156999408,30.0,0.0,0.0,0.0,0.0,23.30396831026821,-23.467581886072544,0.163613575804332,0.5160000000000365
0.0174,0.0,0.0,0.0,11.381309132872092,-11.989670283729186,11.415730311468327,30.0,0.0,0.0,0.0,0.0,23.37097941660128,-23.405400595197513,0.034421178596234725,0.5220000000000382
0.0176,0.0,0.0,0.0,11.445163586819886,-11.989670287314762,11.350403998658727,30.0,0.0,0.0,0.0,0.0,23.434833874134647,-23.34007428597349,-0.0947595881611587,0.52800000000004
0.0178,0.0,0.0,0.0,11.505884400756155,-11.98967039739698,11.281912041167926,30.0,0.0,0.0,0.0,0.0,23.495554798153137,-23.271582438564906,-0.22397235958822925,0.5340000000000417
0.018,0.0,0.0,0.0,11.563499789492356,-11.98967098578223,11.21023917878112,30.0,0.0,0.0,0.0,0.0,23.553170775274587,-23.19991016456335,-0.3532606107112368,0.5400000000000433
0.0182,0.0,0.0,0.0,11.618043010630311,-11.989672721851978,11.1353755716756,30.0,0.0,0.0,0.0,0.0,23.60771573248229,-23.125048293527577,-0.4826674389547101,0.5460000000000451
0.0184,0.0,0.0,0.0,11.669552223194952,-11.98967656594498,11.05731687475999,30.0,0.0,0.0,0.0,0.0,23.65922878913993,-23.046993440704973,-0.612235348434961,0.5520000000000468
0.0186,0.0,0.0,0.0,11.71807033282241,-11.989683759836927,10.976064295738507,30.0,0.0,0.0,0.0,0.0,23.707754092659336,-22.965748055575432,-0.7420060370839039,0.5580000000000485
0.0188,0.0,0.0,0.0,11.763644824170314,-11.989695814383316,10.891624636550837,30.0,0.0,0.0,0.0,0.0,23.75334063855363,-22.881320450934155,-0.8720201876194764,0.5640000000000502
0.019,0.0,0.0,0.0,11.806327581256427,-11.989714494411151,10.804010317895088,30.0,0.0,0.0,0.0,0.0,23.79604207566758,-22.793724812306237,-1.0023172633613395,0.5700000000000519
0.0192,0.0,0.0,0.0,11.846174696468271,-11.989741800964259,10.713239386599763,30.0,0.0,0.0,0.0,0.0,23.835916497432528,-22.70298118756402,-1.1329353098685075,0.5760000000000536
0.0194,0.0,0.0,0.0,11.88324626901932,-11.98977995102567,10.619335505670797,30.0,0.0,0.0,0.0,0.0,23.87302622004499,-22.609115456696465,-1.2639107633485231,0.5820000000000554
0.0196,0.0,0.0,0.0,11.917606193657663,-11.989831354858422,10.52232792690047,30.0,0.0,0.0,0.0,0.0,23.907437548516086,-22.51215928175889,-1.3952782667571935,0.588000000000057
0.0198,0.0,0.0,0.0,11.94932194045945,-11.989898591123328,10.42225144598702,30.0,0.0,0.0,0.0,0.0,23.939220531582777,-22.41215003711035,-1.5270704944724294,0.5940000000000588
0.02,0.0,0.0,0.0,11.978464326562781,-11.989984379948249,10.319146340176417,30.0,0.0,0.0,0.0,0.0,23.96844870651103,-22.309130720124664,-1.6593179863863643,0.6000000000000605
0.0202,0.0,0.0,0.0,12.005107280717567,-11.990091554138885,10.213058288500557,30.0,0.0,0.0,0.0,0.0,23.995198834856453,-22.20314984263944,-1.7920489922170102,0.6060000000000622
0.0204,0.0,0.0,0.0,12.029327601543095,-11.990223028734869,10.104038274749634,30.0,0.0,0.0,0.0,0.0,24.019550630277962,-22.0942613034845,-1.925289326793461,0.6120000000000639
0.0206,0.0,0.0,0.0,12.051204710397863,-11.990381769127989,9.992142473379257,30.0,0.0,0.0,0.0,0.0,24.041586479525854,-21.982524242507246,-2.0590622370186065,0.6180000000000656
0.0208,0.0,0.0,0.0,12.070820399775377,-11.990570757971007,9.877432118615905,30.0,0.0,0.0,0.0,0.0,24.061391157746385,-21.868002876586914,-2.1933882811594714,0.6240000000000673
0.021,0.0,0.0,0.0,12.088258578145405,-11.990792961115668,9.759973357086622,30.0,0.0,0.0,0.0,0.0,24.079051539261073,-21.750766318202288,-2.328285221058783,0.6300000000000691
0.0212,0.0,0.0,0.0,12.10360501216197,-11.991051292827521,9.63983708436033,30.0,0.0,0.0,0.0,0.0,24.094656304989492,-21.63088837718785,-2.463767927801639,0.6360000000000707
0.0214,0.0,0.0,0.0,12.116947067158314,-11.991348580532451,9.517098765848495,30.0,0.0,0.0,0.0,0.0,24.108295647690767,-21.508447346380947,-2.5998483013098195,0.6420000000000724
0.0216,0.0,0.0,0.0,12.12837344684383,-11.991687529355804,9.391838242572398,30.0,0.0,0.0,0.0,0.0,24.120060976199632,-21.383525771928202,-2.7365352042714317,0.6480000000000742
0.0218,0.0,0.0,0.0,12.137973933109622,-11.99207068671927,9.264139522361805,30.0,0.0,0.0,0.0,0.0,24.130044619828894,-21.256210209081075,-2.8738344107478166,0.6540000000000759
0.022,0.0,0.0,0.0,12.145839126837869,-11.992500407263442,9.134090557105736,30.0,0.0,0.0,0.0,0.0,24.138339534101313,-21.12659096436918,-3.0117485697321325,0.6600000000000775
0.0222,0.0,0.0,0.0,12.152060190594737,-11.992978818365149,9.00178300673037,30.0,0.0,0.0,0.0,0.0,24.145039008959884,-20.99476182509552,-3.1502771838643664,0.6660000000000793
0.0224,0.0,0.0,0.0,12.156728594068744,-11.993507786518059,8.867311990630837,30.0,0.0,0.0,0.0,0.0,24.150236380586804,-20.860819777148897,-3.289416603437907,0.672000000000081
0.0226,0.0,0.0,0.0,12.159935863094736,-11.994088884843062,8.73077582733301,30.0,0.0,0.0,0.0,0.0,24.154024747937797,-20.72486471217607,-3.4291600357617256,0.6780000000000826
0.0228,0.0,0.0,0.0,12.161773333079719,-11.994723361991037,8.59227576320864,30.0,0.0,0.0,0.0,0.0,24.156496695070757,-20.586999125199675,-3.5694975698710785,0.6840000000000844
0.023,0.0,0.0,0.0,12.162331907619246,-11.995412112695176,8.451915691111143,30.0,0.0,0.0,0.0,0.0,24.15774402031442,-20.447327803806317,-3.7104162165081025,0.6900000000000861
0.0232,0.0,0.0,0.0,12.161701823063362,-11.996155650223239,8.309801859840363,30.0,0.0,0.0,0.0,0.0,24.1578574732866,-20.3059575100636,-3.8518999632229995,0.6960000000000878
0.0234,0.0,0.0,0.0,12.159972419758573,-11.996954080971173,8.166042575383074,30.0,0.0,0.0,0.0,0.0,24.156926500729746,-20.162996656354245,-3.993929844375499,0.7020000000000896
0.0236,0.0,0.0,0.0,12.157231920657303,-11.997807081429674,8.020747894910428,30.0,0.0,0.0,0.0,0.0,24.155039002086976,-20.018554976340102,-4.136484025746874,0.7080000000000912
0.0238,0.0,0.0,0.0,12.153567217949297,-11.998713877743409,7.8740293145448135,30.0,0.0,0.0,0.0,0.0,24.152281095692707,-19.872743192288223,-4.279537903404483,0.714000000000093
0.024,0.0,0.0,0.0,12.149063668330003,-11.999673228069575,7.725999451936737,30.0,0.0,0.0,0.0,0.0,24.148736896399576,-19.725672680006312,-4.423064216393266,0.7200000000000947
0.0242,0.0,0.0,0.0,12.14380489747992,-12.000683407927923,7.576771724715711,30.0,0.0,0.0,0.0,0.0,24.144488305407844,-19.577455132643635,-4.5670331727642095,0.7260000000000963
0.0244,0.0,0.0,0.0,12.137872614285998,-12.001742198718553,7.426460025900004,30.0,0.0,0.0,0.0,0.0,24.13961481300455,-19.42820222461856,-4.711412588385993,0.7320000000000981
0.0246,0.0,0.0,0.0,12.131346435291634,-12.002846879566693,7.275178397365972,30.0,0.0,0.0,0.0,0.0,24.13419331485833,-19.278025276932667,-4.856168037925663,0.7380000000000998
0.0248,0.0,0.0,0.0,12.124303719816275,-12.003994222635303,7.1230407024899804,30.0,0.0,0.0,0.0,0.0,24.128297942451578,-19.127034925125283,-5.001263017326295,0.7440000000001015
0.025,0.0,0.0,0.0,12.116819416138531,-12.005180492027172,6.970160299084632,30.0,0.0,0.0,0.0,0.0,24.121999908165705,-18.975340791111805,-5.1466591170539,0.7500000000001033
0.0252,0.0,0.0,0.0,12.108965919088991,-12.006401446377648,6.816649713754564,30.0,0.0,0.0,0.0,0.0,24.11536736546664,-18.823051160132213,-5.292316205334427,0.7560000000001049
0.0254,0.0,0.0,0.0,12.1008129393503,-12.00765234521801,6.662620318797522,30.0,0.0,0.0,0.0,0.0,24.10846528456831,-18.670272664015535,-5.438192620552778,0.7620000000001066
0.0256,0.0,0.0,0.0,12.092427384713044,-12.00892795916752,6.508182012772096,30.0,0.0,0.0,0.0,0.0,24.101355343880563,-18.517109971939618,-5.584245371940948,0.7680000000001084
0.0258,0.0,0.0,0.0,12.083873253486463,-12.010222583989412,6.353442905845315,30.0,0.0,0.0,0.0,0.0,24.094095837475876,-18.363665489834727,-5.730430347641148,0.77400000000011
0.026,0.0,0.0,0.0,12.075211540213502,-12.01153005852291,6.1985090110205725,30.0,0.0,0.0,0.0,0.0,24.08674159873641,-18.210039069543484,-5.876702529192929,0.7800000000001117
0.0262,0.0,0.0,0.0,12.066500153790352,-12.012843786479733,6.043483942330242,30.0,0.0,0.0,0.0,0.0,24.079343940270086,-18.056327728809975,-6.02301621146011,0.7860000000001135
0.0264,0.0,0.0,0.0,12.05779384804128,-12.014156762069536,5.888468621056397,30.0,0.0,0.0,0.0,0.0,24.071950610110818,-17.902625383125933,-6.169325226984883,0.7920000000001152
0.0266,0.0,0.0,0.0,12.049144164750913,-12.01546159939456,5.733560991018304,30.0,0.0,0.0,0.0,0.0,24.064605764145476,-17.749022590412864,-6.31558317373261,0.7980000000001168
0.0268,0.0,0.0,0.0,12.040599389108248,-12.016750565529657,5.57885574393734,30.0,0.0,0.0,0.0,0.0,24.057349954637907,-17.595606309466998,-6.461743645170908,0.8040000000001186
0.027,0.0,0.0,0.0,12.032204517469248,-12.018015617179625,5.424444055857041,30.0,0.0,0.0,0.0,0.0,24.050220134648875,-17.442459673036666,-6.607760461612207,0.8100000000001203
0.0272,0.0,0.0,0.0,12.024001237298942,-12.019248440781874,5.270413335560032,30.0,0.0,0.0,0.0,0.0,24.043249678080816,-17.289661776341905,-6.75358790173891,0.816000000000122
0.0274,0.0,0.0,0.0,12.016027919109023,-12.020440495898958,5.116846985884163,30.0,0.0,0.0,0.0,0.0,24.03646841500798,-17.137287481783122,-6.8991809332248595,0.8220000000001237
0.0276,0.0,0.0,0.0,12.00831962016333,-12.02158306172216,4.963824178796569,30.0,0.0,0.0,0.0,0.0,24.02990268188549,-16.98540724051873,-7.044495441366761,0.8280000000001254
0.0278,0.0,0.0,0.0,12.00090809968176,-12.022667286485024,4.811419645038148,30.0,0.0,0.0,0.0,0.0,24.023575386166783,-16.834086931523174,-7.189488454643612,0.8340000000001271
0.028,0.0,0.0,0.0,11.993821845232837,-12.023684239563751,4.659703479101255,30.0,0.0,0.0,0.0,0.0,24.017506084796587,-16.683387718665006,-7.334118366131582,0.8400000000001289
0.0282,0.0,0.0,0.0,11.987086109966828,-12.024624966020397,4.508740960250862,30.0,0.0,0.0,0.0,0.0,24.011711075987225,-16.53336592627126,-7.478345149715966,0.8460000000001305
0.0284,0.0,0.0,0.0,11.980722960304808,-12.02548054332487,4.358592390243777,30.0,0.0,0.0,0.0,0.0,24.006203503629678,-16.384072933568646,-7.622130570061032,0.8520000000001323
0.0286,0.0,0.0,0.0,11.974751333664898,-12.026242139972839,4.209312948342991,30.0,0.0,0.0,0.0,0.0,24.000993473637735,-16.23555508831583,-7.7654383853219064,0.858000000000134
0.0288,0.0,0.0,0.0,11.969187105774758,-12.02690107569868,4.060952564163576,30.0,0.0,0.0,0.0,0.0,23.99608818147344,-16.087853639862256,-7.908234541611182,0.8640000000001357
0.029,0.0,0.0,0.0,11.964043167089747,-12.02744888296648,3.9135558088239293,30.0,0.0,0.0,0.0,0.0,23.991492050056227,-15.94100469179041,-8.050487358265817,0.8700000000001374
0.0292,0.0,0.0,0.0,11.9593295078089,-12.027877369406868,3.7671618048123174,30.0,0.0,0.0,0.0,0.0,23.98720687721577,-15.795039174219186,-8.192167702996581,0.8760000000001391
0.0294,0.0,0.0,0.0,11.955053310956005,-12.028178680854001,3.6218041549120277,30.0,0.0,0.0,0.0,0.0,23.98323199181001,-15.649982835766028,-8.333249156043978,0.8820000000001408
0.0296,0.0,0.0,0.0,11.951219052971089,-12.028345364625117,3.477510890461032,30.0,0.0,0.0,0.0,0.0,23.979564417596208,-15.50585625508615,-8.473708162510057,0.8880000000001426
0.0298,0.0,0.0,0.0,11.947828611237842,-12.028370432674759,3.3343044391537124,30.0,0.0,0.0,0.0,0.0,23.9761990439126,-15.362674871828471,-8.61352417208413,0.8940000000001442
0.03,0.0,0.0,0.0,11.944881377955875,-12.028247424247375,3.192201612522055,30.0,0.0,0.0,0.0,0.0,23.97312880220325,-15.22044903676943,-8.75267976543382,0.9000000000001459
0.0302,0.0,0.0,0.0,11.942374379752524,-12.027970467645199,3.0512136131637515,30.0,0.0,0.0,0.0,0.0,23.970344847397723,-15.07918408080895,-8.891160766588772,0.9060000000001477
0.0304,0.0,0.0,0.0,11.940302402417613,-12.027534340723683,2.9113460617137674,30.0,0.0,0.0,0.0,0.0,23.967836743141298,-14.938880402437452,-9.028956340703846,0.9120000000001494
0.0306,0.0,0.0,0.0,11.938658120135877,-12.026934529723738,2.7725990434852585,30.0,0.0,0.0,0.0,0.0,23.965592649859616,-14.799533573208997,-9.166059076650619,0.918000000000151
0.0308,0.0,0.0,0.0,11.937432228586175,-12.02616728604927,2.634967174634598,30.0,0.0,0.0,0.0,0.0,23.963599514635447,-14.661134460683868,-9.302465053951577,0.9240000000001528
0.031,0.0,0.0,0.0,11.936613581273313,-12.025229680599626,2.498439687635453,30.0,0.0,0.0,0.0,0.0,23.96184326187294,-14.52366936823508,-9.43817389363786,0.9300000000001545
0.0312,0.0,0.0,0.0,11.93618932845817,-12.024119655269613,2.3630005357767847,30.0,0.0,0.0,0.0,0.0,23.960308983727785,-14.387120191046398,-9.573188792681385,0.9360000000001562
0.0314,0.0,0.0,0.0,11.93614505805404,-12.022836071235146,2.2286285163308475,30.0,0.0,0.0,0.0,0.0,23.958981129289185,-14.251464587565993,-9.707516541723193,0.9420000000001565
0.0316,0.0,0.0,0.0,11.936464937862212,-12.02137875364965,2.09529741196996,30.0,0.0,0.0,0.0,0.0,23.95784369151186,-14.116676165619609,-9.841167525892253,0.9480000000001564
0.0318,0.0,0.0,0.0,11.937131858527419,-12.019748532385838,1.962976149944496,30.0,0.0,0.0,0.0,0.0,23.956880390913255,-13.982724682330334,-9.974155708582924,0.9540000000001561
0.032,0.0,0.0,0.0,11.938127576603781,-12.017947278468629,1.8316289784699822,30.0,0.0,0.0,0.0,0.0,23.95607485507241,-13.849576256938612,-10.106498598133799,0.9600000000001557
0.0322,0.0,0.0,0.0,11.93943285713462,-12.015977935858517,1.7012156597087895,30.0,0.0,0.0,0.0,0.0,23.955410792993135,-13.717193595567307,-10.23821719742583,0.9660000000001554
0.0324,0.0,0.0,0.0,11.941027615164323,-12.013844548259806,1.5716916786713582,30.0,0.0,0.0,0.0,0.0,23.954872163424128,-13.585536226931165,-10.369335936492964,0.9720000000001551
0.0326,0.0,0.0,0.0,11.942891055617629,-12.011552280645532,1.4430084673042771,30.0,0.0,0.0,0.0,0.0,23.95444333626316,-13.45456074794981,-10.499882588313351,0.9780000000001547
0.0328,0.0,0.0,0.0,11.945001811001049,-12.009107435209897,1.3151136429766397,30.0,0.0,0.0,0.0,0.0,23.954109246210948,-13.324221078186536,-10.62988816802441,0.9840000000001546
0.033,0.0,0.0,0.0,11.947338076402472,-12.006517461479943,1.187951260524069,30.0,0.0,0.0,0.0,0.0,23.953855537882415,-13.19446872200401,-10.759386815878404,0.9900000000001543
0.0332,0.0,0.0,0.0,11.949877741288324,-12.003790960340913,1.0614620769599512,30.0,0.0,0.0,0.0,0.0,23.953668701629237,-13.065253037300865,-10.888415664328372,0.996000000000154
0.0334,0.0,0.0,0.0,11.952598517622604,-12.000937681753856,0.9355838279173865,30.0,0.0,0.0,0.0,0.0,23.953536199376458,-12.936521509671241,-11.017014689705217,1.002000000000153
0.0336,0.0,0.0,0.0,11.955478063858916,-11.997968515970094,0.8102515148422372,30.0,0.0,0.0,0.0,0.0,23.95344657982901,-12.80822003081233,-11.145226549016678,1.0080000000001506
0.0338,0.0,0.0,0.0,11.95849410438473,-11.994895478074177,0.6853977019185005,30.0,0.0,0.0,0.0,0.0,23.953389582458907,-12.680293179992677,-11.27309640246623,1.0140000000001481
0.034,0.0,0.0,0.0,11.961624544026716,-11.991731685715846,0.5609528216716227,30.0,0.0,0.0,0.0,0.0,23.95335622974256,-12.55268450738747,-11.400671722355092,1.020000000000146
0.0342,0.0,0.0,0.0,11.964847577256684,-11.988491329921139,0.43684548816339536,30.0,0.0,0.0,0.0,0.0,23.953338907177823,-12.425336818084535,-11.528002089093288,1.0260000000001435
0.0344,0.0,0.0,0.0,11.968141791769566,-11.98518963890393,0.31300281666447055,30.0,0.0,0.0,0.0,0.0,23.953331430673497,-12.298192455568401,-11.655138975105096,1.032000000000141
0.0346,0.0,0.0,0.0,11.971486266137472,-11.98184283483094,0.18935074866667784,30.0,0.0,0.0,0.0,0.0,23.95332910096841,-12.171193583497619,-11.782135517470794,1.0380000000001386
0.0348,0.0,0.0,0.0,11.97486066127732,-11.97846808352617,0.06581438107780914,30.0,0.0,0.0,0.0,0.0,23.953328744803493,-12.04428246460398,-11.909046280199512,1.0440000000001362
0.035,0.0,0.0,0.0,11.978245305503615,-11.97508343713408,-0.057681701573810765,30.0,0.0,0.0,0.0,0.0,23.953328742637694,-11.917401735560269,-12.035927007077426,1.050000000000134
0.0352,0.0,0.0,0.0,11.981621272972147,-11.971707769794849,-0.18121309310863587,30.0,0.0,0.0,0.0,0.0,23.953329042766995,-11.790494676686214,-12.162834366080782,1.0560000000001315
0.0354,0.0,0.0,0.0,11.984970455355338,-11.968360706419544,-0.3048552310297332,30.0,0.0,0.0,0.0,0.0,23.953331161774884,-11.66350547538981,-12.289825686385072,1.062000000000129
0.0356,0.0,0.0,0.0,11.988275626624402,-11.96506254468755,-0.4286830624135536,30.0,0.0,0.0,0.0,0.0,23.95333817131195,-11.536379482273997,-12.416958689037955,1.0680000000001266
0.0358,0.0,0.0,0.0,11.991520500848347,-11.96183417042342,-0.5527707115486553,30.0,0.0,0.0,0.0,0.0,23.953354671271768,-11.409063458874765,-12.544291212397003,1.0740000000001242
0.036,0.0,0.0,0.0,11.994689782954175,-11.958696966545038,-0.6771911505064666,30.0,0.0,0.0,0.0,0.0,23.953386749499213,-11.281505816038571,-12.671880933460642,1.0800000000001218
0.0362,0.0,0.0,0.0,11.997769212426734,-11.955672715809197,-0.8020158738177986,30.0,0.0,0.0,0.0,0.0,23.953441928235932,-11.153656841991397,-12.799785086244533,1.0860000000001195
0.0364,0.0,0.0,0.0,12.000745599960126,-11.952783497615005,-0.927314578413421,30.0,0.0,0.0,0.0,0.0,23.95352909757513,-11.025468919201584,-12.928060178373547,1.092000000000117
0.0366,0.0,0.0,0.0,12.003606857105433,-11.950051579158776,-1.0531548499681096,30.0,0.0,0.0,0.0,0.0,23.95365843626421,-10.896896729190667,-13.056761707073543,1.0980000000001147
0.0368,0.0,0.0,0.0,12.006342018991448,-11.947499301266921,-1.179601856763696,30.0,0.0,0.0,0.0,0.0,23.95384132025837,-10.767897444503225,-13.185943875755145,1.1040000000001122
0.037,0.0,0.0,0.0,12.008941260226251,-11.945148959265206,-1.3067180521594497,30.0,0.0,0.0,0.0,0.0,23.954090219491455,-10.638430907105755,-13.315659312385701,1.1100000000001098
0.0372,0.0,0.0,0.0,12.01139590411723,-11.9430226792736,-1.4345628867263736,30.0,0.0,0.0,0.0,0.0,23.95441858339083,-10.508459792547226,-13.445958790843603,1.1160000000001074
0.0374,0.0,0.0,0.0,12.013698425375924,-11.941142290345459,-1.5631925310667298,30.0,0.0,0.0,0.0,0.0,23.95484071572138,-10.37794975927873,-13.576890956442654,1.1220000000001051
0.0376,0.0,0.0,0.0,12.015842446501564,-11.939529192898258,-1.6926596103010307,30.0,0.0,0.0,0.0,0.0,23.95537163939982,-10.246869582597228,-13.708502056802594,1.1280000000001027
0.0378,0.0,0.0,0.0,12.01782272806283,-11.938204223909716,-1.8230129511619935,30.0,0.0,0.0,0.0,0.0,23.956026951972547,-10.115191272747722,-13.840835679224824,1.1340000000001003
0.038,0.0,0.0,0.0,12.019635153122067,-11.937187519378414,-1.9542973425889425,30.0,0.0,0.0,0.0,0.0,23.95682267250048,-9.982890176789471,-13.97393249571101,1.1400000000000978
0.0382,0.0,0.0,0.0,12.021276706068607,-11.936498374571398,-2.086553310666818,30.0,0.0,0.0,0.0,0.0,23.957775080640005,-9.849945063904581,-14.107830016735424,1.1460000000000954
0.0384,0.0,0.0,0.0,12.022745446149179,-11.936155102602626,-2.2198169087016804,30.0,0.0,0.0,0.0,0.0,23.958900548751807,-9.716338193900945,-14.24256235485086,1.152000000000093
0.0386,0.0,0.0,0.0,12.024040476002309,-11.936174891905791,-2.3541195231693286,30.0,0.0,0.0,0.0,0.0,23.9602153679081,-9.582055368736462,-14.378159999171638,1.1580000000000907
0.0388,0.0,0.0,0.0,12.025161905521264,-11.936573663182163,-2.489487696215856,30.0,0.0,0.0,0.0,0.0,23.961735568703425,-9.447085966966306,-14.51464960173712,1.1640000000000883
0.039,0.0,0.0,0.0,12.026110811385255,-11.937365926419252,-2.6259429653287896,30.0,0.0,0.0,0.0,0.0,23.963476737804505,-9.311422961090463,-14.652053776714045,1.1700000000000859
0.0392,0.0,0.0,0.0,12.026889192612307,-11.938564638588888,-2.7635017207350225,30.0,0.0,0.0,0.0,0.0,23.965453831201195,-9.175062917853865,-14.79039091334733,1.1760000000000834
0.0394,0.0,0.0,0.0,12.02749992249855,-11.940181062643454,-2.902175081017382,30.0,0.0,0.0,0.0,0.0,23.967680985142003,-9.038005981626071,-14.929675003515932,1.182000000000081
0.0396,0.0,0.0,0.0,12.027946697318162,-11.942224628436895,-3.0419687873756254,30.0,0.0,0.0,0.0,0.0,23.970171325755057,-8.90025584106127,-15.069915484693787,1.1880000000000788
0.0398,0.0,0.0,0.0,12.028233982165597,-11.9447027962023,-3.1828831168900735,30.0,0.0,0.0,0.0,0.0,23.972936778367895,-8.761819679312227,-15.21111709905567,1.1940000000000763
0.04,0.0,0.0,0.0,12.028366954327062,-11.947620923220288,-3.3249128150777216,30.0,0.0,0.0,0.0,0.0,23.97598787754735,-8.622708108142566,-15.353279769404784,1.200000000000074
0.0402,0.0,0.0,0.0,12.028351444571532,-11.95098213431251,-3.468047047960393,30.0,0.0,0.0,0.0,0.0,23.97933357888404,-8.482935086352116,-15.496398492531926,1.2060000000000715
0.0404,0.0,0.0,0.0,12.028193876752832,-11.954787196791393,-3.612269373794909,30.0,0.0,0.0,0.0,0.0,23.982981073544224,-8.342517822996484,-15.640463250547741,1.212000000000069
0.0406,0.0,0.0,0.0,12.027901206113539,-11.959034400491937,-3.7575577345439557,30.0,0.0,0.0,0.0,0.0,23.986935606605478,-8.201476665947983,-15.785458940657495,1.2180000000000666
0.0408,0.0,0.0,0.0,12.027480856678828,-11.963719443502736,-3.903884467095873,30.0,0.0,0.0,0.0,0.0,23.991200300181564,-8.059834976406863,-15.9313653237747,1.2240000000000644
0.041,0.0,0.0,0.0,12.026940658123607,-11.968835324202374,-4.051216334170496,30.0,0.0,0.0,0.0,0.0,23.99577598232598,-7.917618990031878,-16.078156992294105,1.230000000000062
0.0412,0.0,0.0,0.0,12.026288782489804,-11.974372240193382,-4.199514574778247,30.0,0.0,0.0,0.0,0.0,24.000661022683186,-7.774857665415135,-16.22580335726805,1.2360000000000595
0.0414,0.0,0.0,0.0,12.0255336811223,-11.980317494709274,-4.3487349740295205,30.0,0.0,0.0,0.0,0.0,24.005851175831573,-7.631582520679753,-16.37426865515182,1.242000000000057
0.0416,0.0,0.0,0.0,12.024684022181779,-11.986655411050855,-4.49882795202305,30.0,0.0,0.0,0.0,0.0,24.011339433232635,-7.4878274590278044,-16.52351197420483,1.2480000000000546
0.0418,0.0,0.0,0.0,12.023748629081107,-11.99336725558597,-4.64973867147402,30.0,0.0,0.0,0.0,0.0,24.017115884667078,-7.34362858411195,-16.673487300555127,1.2540000000000522
0.042,0.0,0.0,0.0,12.022736420178239,-12.000431169822336,-4.801407163676688,30.0,0.0,0.0,0.0,0.0,24.023167590000575,-7.199024006145648,-16.824143583854926,1.26000000000005
0.0422,0.0,0.0,0.0,12.021656350043916,-12.00782211203582,-4.953768472331689,30.0,0.0,0.0,0.0,0.0,24.029478462079737,-7.054053639704131,-16.975424822375604,1.2660000000000475
0.0424,0.0,0.0,0.0,12.020517352605873,-12.015511808907169,-5.106752814705566,30.0,0.0,0.0,0.0,0.0,24.036029161513042,-6.9087589942016026,-17.12727016731144,1.272000000000045
0.0426,0.0,0.0,0.0,12.019328286453833,-12.02346871758818,-5.260285759529608,30.0,0.0,0.0,0.0,0.0,24.042797004042015,-6.7631829580585725,-17.27961404598344,1.2780000000000427
0.0428,0.0,0.0,0.0,12.018097882570526,-12.031657998584132,-5.41428842098692,30.0,0.0,0.0,0.0,0.0,24.04975588115466,-6.617369577597212,-17.432386303557447,1.2840000000000402
0.043,0.0,0.0,0.0,12.016834694734158,-12.040041499803163,-5.568677668081146,30.0,0.0,0.0,0.0,0.0,24.05687619453732,-6.471363831722017,-17.585512362815304,1.2900000000000378
0.0432,0.0,0.0,0.0,12.015547052816721,-12.048577752084853,-5.7233663486273905,30.0,0.0,0.0,0.0,0.0,24.064124804901574,-6.3252114034574625,-17.738913401444112,1.2960000000000356
0.0434,0.0,0.0,0.0,12.014243019180903,-12.057221976480252,-5.878263527056101,30.0,0.0,0.0,0.0,0.0,24.071464995661152,-6.178958449424151,-17.892506546237,1.3020000000000331
0.0436,0.0,0.0,0.0,12.01293034835571,-12.065926103513737,-6.033274735173936,30.0,0.0,0.0,0.0,0.0,24.07885645186945,-6.032651368339801,-18.046205083529646,1.3080000000000307
0.0438,0.0,0.0,0.0,12.011616450147951,-12.074638804613581,-6.18830223498229,30.0,0.0,0.0,0.0,0.0,24.086255254761532,-5.8863365696312915,-18.199918685130243,1.3140000000000283
0.044,0.0,0.0,0.0,12.010308356323058,-12.083305535853437,-6.343245292614172,30.0,0.0,0.0,0.0,0.0,24.093613892176496,-5.740060243239266,-18.35355364893723,1.3200000000000258
0.0442,0.0,0.0,0.0,12.009012690964905,-12.091868594100763,-6.4980004624137475,30.0,0.0,0.0,0.0,0.0,24.100881285065668,-5.593868131687016,-18.50701315337865,1.3260000000000236
0.0444,0.0,0.0,0.0,12.007735644600068,-12.100267185621224,-6.652461880150228,30.0,0.0,0.0,0.0,0.0,24.10800283022129,-5.447805305470996,-18.660197524750295,1.3320000000000212
0.0446,0.0,0.0,0.0,12.00648295214782,-12.108437507139987,-6.806521564329185,30.0,0.0,0.0,0.0,0.0,24.11492045928781,-5.301915942810802,-18.813004516477005,1.3380000000000187
0.0448,0.0,0.0,0.0,12.005259874733017,-12.11631283931238,-6.960069724538995,30.0,0.0,0.0,0.0,0.0,24.1215727140454,-5.156243114773385,-18.96532959927201,1.3440000000000163
0.045,0.0,0.0,0.0,12.004071185374993,-12.123823652506962,-7.112995075749804,30.0,0.0,0.0,0.0,0.0,24.127894837881954,-5.010828576757158,-19.117066261124798,1.3500000000000139
0.0452,0.0,0.0,0.0,12.002921158541907,-12.13089772475487,-7.265185157465124,30.0,0.0,0.0,0.0,0.0,24.133818883296776,-4.865712567289746,-19.26810631600703,1.3560000000000114
0.0454,0.0,0.0,0.0,12.001813563536782,-12.137460271669493,-7.416526656613764,30.0,0.0,0.0,0.0,0.0,24.139273835206275,-4.720933615055729,-19.418340220150547,1.3620000000000092
0.0456,0.0,0.0,0.0,12.00075166165868,-12.143434088091386,-7.566905733060931,30.0,0.0,0.0,0.0,0.0,24.144185749750065,-4.5765283550304545,-19.56765739471961,1.3680000000000068
0.0458,0.0,0.0,0.0,11.99973820706051,-12.14873970116393,-7.716208346613305,30.0,0.0,0.0,0.0,0.0,24.14847790822444,-4.432531354550624,-19.715946553673817,1.3740000000000043
0.046,0.0,0.0,0.0,11.99877545120352,-12.1532955344968,-7.864320584392166,30.0,0.0,0.0,0.0,0.0,24.15207098570032,-4.288974950104635,-19.863096035595685,1.380000000000002
0.0462,0.0,0.0,0.0,11.997865150788328,-12.15701808302641,-8.011128987452961,30.0,0.0,0.0,0.0,0.0,24.154883233814736,-4.145889095573448,-20.00899413824129,1.3859999999999995
0.0464,0.0,0.0,0.0,11.99700857902275,-12.159822098135436,-8.156520875537364,30.0,0.0,0.0,0.0,0.0,24.156830677158187,-4.003301222598072,-20.153529454560115,1.391999999999997
0.0466,0.0,0.0,0.0,11.996206540068378,-12.161620782547823,-8.300384668856132,30.0,0.0,0.0,0.0,0.0,24.1578273226162,-3.8612361136916906,-20.29659120892451,1.3979999999999948
0.0468,0.0,0.0,0.0,11.995459386490818,-12.162325994471015,-8.442610205816973,30.0,0.0,0.0,0.0,0.0,24.157785380961833,-3.7197157886540424,-20.43806959230779,1.4039999999999924
0.047,0.0,0.0,0.0,11.994767039522303,-12.161848460414335,-8.583089055631678,30.0,0.0,0.0,0.0,0.0,24.15661549993664,-3.578759404782657,-20.577856095153983,1.40999999999999
0.0472,0.0,0.0,0.0,11.994129011931054,-12.160097996070917,-8.721714824760443,30.0,0.0,0.0,0.0,0.0,24.15422700800197,-3.4383831713104733,-20.715843836691498,1.4159999999999875
0.0474,0.0,0.0,0.0,11.99354443327838,-12.15698373461153,-8.858383456178903,30.0,0.0,0.0,0.0,0.0,24.15052816788991,-3.2986002784326267,-20.851927889457283,1.421999999999985
0.0476,0.0,0.0,0.0,11.99301207733277,-12.152414361700938,-8.992993520484372,30.0,0.0,0.0,0.0,0.0,24.145426439033706,-3.1594208412165656,-20.98600559781714,1.4279999999999828
0.0478,0.0,0.0,0.0,11.992530391400026,-12.14629835651276,-9.125446497892423,30.0,0.0,0.0,0.0,0.0,24.138828747912786,-3.020851858620338,-21.11797688929245,1.4339999999999804
0.048,0.0,0.0,0.0,11.992097527319741,-12.138544237985796,-9.255647050212593,30.0,0.0,0.0,0.0,0.0,24.130641765305537,-2.882897187773203,-21.247744577532334,1.439999999999978
0.0482,0.0,0.0,0.0,11.991711373871263,-12.12906081553496,-9.383503281933233,30.0,0.0,0.0,0.0,0.0,24.120772189406225,-2.745557533601726,-21.3752146558045,1.4459999999999755
0.0484,0.0,0.0,0.0,11.99136959032684,-12.117757443402443,-9.508926989589193,30.0,0.0,0.0,0.0,0.0,24.109127033729283,-2.6088304538132494,-21.500296579916032,1.451999999999973
0.0486,0.0,0.0,0.0,11.99106964088569,-12.104544277810275,-9.631833898633019,30.0,0.0,0.0,0.0,0.0,24.095613918695967,-2.472710379177256,-21.62290353951871,1.4579999999999707
0.0488,0.0,0.0,0.0,11.990808829720564,-12.089332536053835,-9.752143887079505,30.0,0.0,0.0,0.0,0.0,24.0801413657744,-2.3371886489743297,-21.74295271680007,1.4639999999999684
0.049,0.0,0.0,0.0,11.990584336367657,-12.072034756657526,-9.869781195245158,30.0,0.0,0.0,0.0,0.0,24.062619093025184,-2.202253561412368,-21.860365531612814,1.469999999999966
0.0492,0.0,0.0,0.0,11.990393251191906,-12.052565059698507,-9.984674620958396,30.0,0.0,0.0,0.0,0.0,24.042958310890413,-2.067890438740111,-21.9750678721503,1.4759999999999636
0.0494,0.0,0.0,0.0,11.99023261066216,-12.030839406392342,-10.09675769967152,30.0,0.0,0.0,0.0,0.0,24.0210720170545,-1.9340817067208231,-22.08699031033368,1.4819999999999611
0.0496,0.0,0.0,0.0,11.990099432175146,-12.006775857026065,-10.20596886896385,30.0,0.0,0.0,0.0,0.0,23.996875289201213,-1.8008069880622148,-22.196068301138997,1.4879999999999587
0.0498,0.0,0.0,0.0,11.989990748172747,-11.980294826318678,-10.312251616984033,30.0,0.0,0.0,0.0,0.0,23.970285574491427,-1.6680432093346447,-22.30224236515678,1.4939999999999563
0.05,0.0,0.0,0.0,11.98990363930459,-11.951319335287735,-10.4155546144402,30.0,0.0,0.0,0.0,0.0,23.941222974592325,-1.535764720847535,-22.40545825374479,1.499999999999954
0.0502,0.0,0.0,0.0,11.98983526639659,-11.919775258702327,-10.515831829808013,30.0,0.0,0.0,0.0,0.0,23.909610525098916,-1.4039434288943138,-22.505667096204604,1.5059999999999516
0.0504,0.0,0.0,0.0,11.989782900996333,-11.885591567208206,-10.613042627488994,30.0,0.0,0.0,0.0,0.0,23.87537446820454,-1.2725489397192113,-22.602825528485326,1.5119999999999492
0.0506,0.0,0.0,0.0,11.989743954277708,-11.848700563219905,-10.707151848714124,30.0,0.0,0.0,0.0,0.0,23.838444517497614,-1.141548714505781,-22.696895802991833,1.5179999999999467
0.0508,0.0,0.0,0.0,11.98971600409996,-11.80903810968701,-10.798129875051144,30.0,0.0,0.0,0.0,0.0,23.79875411378697,-1.0109082346358669,-22.787845879151106,1.5239999999999443
0.051,0.0,0.0,0.0,11.989696820030396,-11.766543850857996,-10.88595267443685,30.0,0.0,0.0,0.0,0.0,23.756240670888392,-0.8805911764211451,-22.875649494467247,1.5299999999999419
0.0512,0.0,0.0,0.0,11.98968438615502,-11.721161424184533,-10.970601829719,30.0,0.0,0.0,0.0,0.0,23.710845810339553,-0.7505595944655337,-22.96028621587402,1.5359999999999396
0.0514,0.0,0.0,0.0,11.98967692151751,-11.672838662532232,-11.052064549754766,30.0,0.0,0.0,0.0,0.0,23.662515584049743,-0.6207741127774664,-23.041741471272275,1.5419999999999372
0.0516,0.0,0.0,0.0,11.989672898044041,-11.62152778589019,-11.130333663174921,30.0,0.0,0.0,0.0,0.0,23.611200683934232,-0.4911941227152692,-23.120006561218965,1.5479999999999348
0.0518,0.0,0.0,0.0,11.989671055829294,-11.5671855818016,-11.205407594983743,30.0,0.0,0.0,0.0,0.0,23.556856637630894,-0.3617779868178559,-23.195078650813038,1.5539999999999323
0.052,0.0,0.0,0.0,11.989670415677564,-11.509773573770484,-11.277290326224756,30.0,0.0,0.0,0.0,0.0,23.499443989448046,-0.23248324754572813,-23.26696074190232,1.5599999999999299
0.0522,0.0,0.0,0.0,11.989670288812176,-11.449258176935988,-11.345991337001045,30.0,0.0,0.0,0.0,0.0,23.438928465748162,-0.10326683993494257,-23.335661625813223,1.5659999999999277
0.0524,0.0,0.0,0.0,11.989670283686054,-11.385610840344697,-11.411525533195887,30.0,0.0,0.0,0.0,0.0,23.37528112403075,0.02591469285118997,-23.40119581688194,1.5719999999999252
0.0526,0.0,0.0,0.0,11.989670309846359,-11.318808175193439,-11.473913157294788,30.0,0.0,0.0,0.0,0.0,23.3084784850398,0.15510498210134926,-23.46358346714115,1.5779999999999228
0.0528,0.0,0.0,0.0,11.989670578826585,-11.248832068460084,-11.533179683763429,30.0,0.0,0.0,0.0,0.0,23.23850264728667,0.2843476153033446,-23.522850262590012,1.5839999999999204
0.053,0.0,0.0,0.0,11.989671602059905,-11.175669781386922,-11.589355699487172,30.0,0.0,0.0,0.0,0.0,23.16534138344683,0.41368591810024924,-23.57902730154708,1.589999999999918
0.0532,0.0,0.0,0.0,11.989674185828205,-11.099314032331415,-11.64247676982669,30.0,0.0,0.0,0.0,0.0,23.08898821815962,0.5431627374952743,-23.632150955654893,1.5959999999999155
0.0534,0.0,0.0,0.0,11.989679423281638,-11.019763063550817,-11.692583290890694,30.0,0.0,0.0,0.0,0.0,23.009442486832455,0.6728202273398765,-23.68226271417233,1.6019999999999133
0.0536,0.0,0.0,0.0,11.9896886835839,-10.93702069154171,-11.739720328670355,30.0,0.0,0.0,0.0,0.0,22.92670937512561,0.8026996371286454,-23.729409012254255,1.6079999999999108
0.0538,0.0,0.0,0.0,11.989703598258256,-10.851096340611248,-11.783937445721088,30.0,0.0,0.0,0.0,0.0,22.8407999388695,0.9328411051098406,-23.773641043979346,1.6139999999999084
0.054,0.0,0.0,0.0,11.989726044828997,-10.762005059414854,-11.825288516115162,30.0,0.0,0.0,0.0,0.0,22.751731104243852,1.063283456700308,-23.815014560944157,1.619999999999906
0.0542,0.0,0.0,0.0,11.989758127871863,-10.669767520254133,-11.863831529423639,30.0,0.0,0.0,0.0,0.0,22.659525648125996,1.1940640091695052,-23.8535896572955,1.6259999999999035
0.0544,0.0,0.0,0.0,11.98980215760541,-10.574410000989293,-11.899628384517772,30.0,0.0,0.0,0.0,0.0,22.564212158594703,1.3252183835284796,-23.889430542123183,1.631999999999901
0.0546,0.0,0.0,0.0,11.989860626172765,-10.475964349481846,-11.93274467400849,30.0,0.0,0.0,0.0,0.0,22.465824975654613,1.456780324526644,-23.922605300181253,1.6379999999998989
0.0548,0.0,0.0,0.0,11.989936181779875,-10.374467930545524,-11.963249460167612,30.0,0.0,0.0,0.0,0.0,22.3644041123254,1.5887815296220875,-23.953185641947485,1.6439999999998964
0.055,0.0,0.0,0.0,11.99003160087226,-10.26996355544615,-11.991215043196306,30.0,0.0,0.0,0.0,0.0,22.25999515631841,1.7212514877501555,-23.981246644068566,1.649999999999894
0.0552,0.0,0.0,0.0,11.990149758546703,-10.162499394054475,-12.016716722724047,30.0,0.0,0.0,0.0,0.0,22.152649152601178,1.8542173286695718,-24.006866481270748,1.6559999999998916
0.0554,0.0,0.0,0.0,11.990293597408067,-10.052128869818922,-12.039832553436527,30.0,0.0,0.0,0.0,0.0,22.04242246722699,1.987703683617605,-24.030126150844595,1.6619999999998891
0.0556,0.0,0.0,0.0,11.990466095093527,-9.938910537788525,-12.060643095741638,30.0,0.0,0.0,0.0,0.0,21.929376632882054,2.1217325579531128,-24.051109190835163,1.6679999999998867
0.0558,0.0,0.0,0.0,11.990670230697683,-9.822907945978608,-12.079231162390368,30.0,0.0,0.0,0.0,0.0,21.81357817667629,2.2563232164117597,-24.069901393088053,1.6739999999998845
0.056,0.0,0.0,0.0,11.990908950341485,-9.704189480434112,-12.09568156197347,30.0,0.0,0.0,0.0,0.0,21.695098430775595,2.391492081539358,-24.086590512314956,1.679999999999882
0.0562,0.0,0.0,0.0,11.991185132136199,-9.582828194406144,-12.110080840215069,30.0,0.0,0.0,0.0,0.0,21.574013326542342,2.5272526458089253,-24.101265972351268,1.6859999999998796
0.0564,0.0,0.0,0.0,11.991501550800312,-9.458901622117587,-12.12251701998137,30.0,0.0,0.0,0.0,0.0,21.4504031729179,2.663615397863783,-24.11401857078168,1.6919999999998772
0.0566,0.0,0.0,0.0,11.991860842192413,-9.33249157765198,-12.13307934091617,30.0,0.0,0.0,0.0,0.0,21.324352419844395,2.80058776326419,-24.124940183108585,1.6979999999998747
0.0568,0.0,0.0,0.0,11.992265468026742,-9.20368393955685,-12.141857999604708,30.0,0.0,0.0,0.0,0.0,21.19594940758359,2.9381740600478583,-24.13412346763145,1.7039999999998725
0.057,0.0,0.0,0.0,11.992717681040071,-9.072568421807917,-12.148943891154273,30.0,0.0,0.0,0.0,0.0,21.06528610284799,3.076375469346356,-24.141661572194344,1.70999999999987
0.0572,0.0,0.0,0.0,11.993219490878891,-8.939238331833435,-12.154428353063476,30.0,0.0,0.0,0.0,0.0,20.932457822712326,3.2151900212300415,-24.147647843942366,1.7159999999998676
0.0574,0.0,0.0,0.0,11.993772630974759,-8.803790316349009,-12.158402912232159,30.0,0.0,0.0,0.0,0.0,20.79756294732377,3.3546125958831503,-24.152175543206916,1.7219999999998652
0.0576,0.0,0.0,0.0,11.994378526672632,-8.666324095801293,-12.160959035941396,30.0,0.0,0.0,0.0,0.0,20.660702622473927,3.4946349401401022,-24.15533756261403,1.7279999999998628
0.0578,0.0,0.0,0.0,11.995038264872454,-8.52694218826477,-12.162187887607296,30.0,0.0,0.0,0.0,0.0,20.521980453137225,3.6352456993425264,-24.15722615247975,1.7339999999998603
0.058,0.0,0.0,0.0,11.995752565438265,-8.385749623678516,-12.16218008808371,30.0,0.0,0.0,0.0,0.0,20.38150218911678,3.7764304644051947,-24.157932653521975,1.739999999999858
0.0582,0.0,0.0,0.0,11.996521754621122,-8.24285364934968,-12.161025483258088,30.0,0.0,0.0,0.0,0.0,20.239375403970804,3.918171833908408,-24.15754723787921,1.7459999999998557
0.0584,0.0,0.0,0.0,11.997345740732944,-8.098363427686738,-12.158812918650701,30.0,0.0,0.0,0.0,0.0,20.09570916841968,4.060449490963963,-24.156158659383646,1.7519999999998532
0.0586,0.0,0.0,0.0,11.998223992297458,-7.952389727159045,-12.155630021691906,30.0,0.0,0.0,0.0,0.0,19.950613719456502,4.20324029453286,-24.153854013989363,1.7579999999998508
0.0588,0.0,0.0,0.0,11.999155518892016,-7.805044607508544,-12.151562992313515,30.0,0.0,0.0,0.0,0.0,19.80420012640056,4.3465183848049715,-24.150718511205532,1.7639999999998484
0.059,0.0,0.0,0.0,12.000138854880454,-7.656441100265711,-12.146696402450576,30.0,0.0,0.0,0.0,0.0,19.656579955146164,4.490255302184865,-24.14683525733103,1.769999999999846
0.0592,0.0,0.0,0.0,12.001172046221766,-7.506692885643955,-12.141113005007542,30.0,0.0,0.0,0.0,0.0,19.507864931865722,4.634420119363587,-24.142285051229308,1.7759999999998437
0.0594,0.0,0.0,0.0,12.002252640523098,-7.355913966905192,-12.134893552799358,30.0,0.0,0.0,0.0,0.0,19.358166607428288,4.778979585894167,-24.137146193322458,1.7819999999998413
0.0596,0.0,0.0,0.0,12.003377680487896,-7.204218343303549,-12.128116627932975,30.0,0.0,0.0,0.0,0.0,19.207596023791446,4.923898284629426,-24.13149430842087,1.7879999999998388
0.0598,0.0,0.0,0.0,12.00454370089117,-7.051719682724878,-12.120858482048238,30.0,0.0,0.0,0.0,0.0,19.05626338361605,5.06913879932336,-24.12540218293941,1.7939999999998364
0.06,0.0,0.0,0.0,12.005746729194033,-6.898530995145805,-12.113192887790088,30.0,0.0,0.0,0.0,0.0,18.90427772433984,5.214661892644283,-24.11893961698412,1.799999999999834
0.0602,0.0,0.0,0.0,12.006982289888994,-6.744764308038454,-12.105191001835443,30.0,0.0,0.0,0.0,0.0,18.751746597927447,5.360426693796989,-24.11217329172444,1.8059999999998315
0.0604,0.0,0.0,0.0,12.008245412645763,-6.590530344844967,-12.096921239749653,30.0,0.0,0.0,0.0,0.0,18.59877575749073,5.506390894904686,-24.10516665239542,1.8119999999998293
0.0606,0.0,0.0,0.0,12.009530644305034,-6.435938207639913,-12.088449162897806,30.0,0.0,0.0,0.0,0.0,18.44546885194495,5.652510955257893,-24.09797980720284,1.8179999999998269
0.0608,0.0,0.0,0.0,12.010832064744823,-6.281095065088345,-12.079837377586898,30.0,0.0,0.0,0.0,0.0,18.29192712983317,5.798742312498553,-24.090669442331723,1.8239999999998244
0.061,0.0,0.0,0.0,12.012143306620368,-6.126105846793017,-12.071145446565273,30.0,0.0,0.0,0.0,0.0,18.138249153413383,5.945039599772256,-24.08328875318564,1.829999999999822
0.0612,0.0,0.0,0.0,12.013457578954924,-5.971072945105751,-12.062429812956333,30.0,0.0,0.0,0.0,0.0,17.984530524060673,6.091356867850582,-24.07588739191126,1.8359999999998196
0.0614,0.0,0.0,0.0,12.014767694534612,-5.8160959254553575,-12.053743736654635,30.0,0.0,0.0,0.0,0.0,17.83086361998997,6.2376478111992775,-24.068511431189247,1.8419999999998173
0.0616,0.0,0.0,0.0,12.016066101036332,-5.661271246218249,-12.045137243163945,30.0,0.0,0.0,0.0,0.0,17.67733734725458,6.383865996945696,-24.061203344200276,1.847999999999815
0.0618,0.0,0.0,0.0,12.017344915793565,-5.506691989127252,-12.036657084809363,30.0,0.0,0.0,0.0,0.0,17.524036904920816,6.529965095682111,-24.054002000602928,1.8539999999998125
0.062,0.0,0.0,0.0,12.018595964080797,-5.352447601180245,-12.028346714208777,30.0,0.0,0.0,0.0,0.0,17.37104356526104,6.675899113028532,-24.046942678289575,1.85999999999981
0.0622,0.0,0.0,0.0,12.019810820773586,-5.198623648972285,-12.020246269843309,30.0,0.0,0.0,0.0,0.0,17.218434469745873,6.821622620871024,-24.040057090616894,1.8659999999998076
0.0624,0.0,0.0,0.0,12.02098085521781,-5.045301586333537,-12.012392573522291,30.0,0.0,0.0,0.0,0.0,17.066282441551344,6.9670909871887545,-24.0333734287401,1.8719999999998052
0.0626,0.0,0.0,0.0,12.022097279118809,-4.892558536110615,-12.004819139495439,30.0,0.0,0.0,0.0,0.0,16.914655815229423,7.112260603384824,-24.02691641861425,1.8779999999998047
0.0628,0.0,0.0,0.0,12.023151197238935,-4.740467086881137,-11.997556194923648,30.0,0.0,0.0,0.0,0.0,16.76361828412007,7.2570891080425115,-24.020707392162585,1.883999999999806
0.063,0.0,0.0,0.0,12.02413366067053,-4.589095105339791,-11.990630711380465,30.0,0.0,0.0,0.0,0.0,16.613228766010323,7.4015356060406745,-24.014764372050998,1.8899999999998076
0.0632,0.0,0.0,0.0,12.025035722430848,-4.438505565040646,-11.98406644701893,30.0,0.0,0.0,0.0,0.0,16.463541287471493,7.545560881978284,-24.00910216944978,1.8959999999998092
0.0634,0.0,0.0,0.0,12.02584849510588,-4.288756392123903,-11.977883999002875,30.0,0.0,0.0,0.0,0.0,16.314604887229784,7.689127606878972,-24.003732494108753,1.9019999999998105
0.0636,0.0,0.0,0.0,12.026563210251732,-4.139900328595822,-11.97210086576865,30.0,0.0,0.0,0.0,0.0,16.16646353884755,7.832200537172829,-23.998664076020383,1.907999999999812
0.0638,0.0,0.0,0.0,12.027171279244957,-3.991984813669531,-11.966731518652178,30.0,0.0,0.0,0.0,0.0,16.01915609291449,7.974746704982648,-23.993902797897135,1.9139999999998134
0.064,0.0,0.0,0.0,12.027664355257489,-3.8450518836107133,-11.961787482387685,30.0,0.0,0.0,0.0,0.0,15.872716238868202,8.116735598776971,-23.989451837645174,1.919999999999815
0.0642,0.0,0.0,0.0,12.028034396017631,-3.699138090467259,-11.95727742395843,30.0,0.0,0.0,0.0,0.0,15.72717248648489,8.258139333491172,-23.98531181997606,1.9259999999998163
0.0644,0.0,0.0,0.0,12.02827372700546,-3.554274439994874,-11.953207249255982,30.0,0.0,0.0,0.0,0.0,15.582548167000335,8.398932809261108,-23.981480976261444,1.9319999999998179
0.0646,0.0,0.0,0.0,12.028375104720212,-3.4104863490228166,-11.949580206983859,30.0,0.0,0.0,0.0,0.0,15.438861453743028,8.539093857961042,-23.977955311704072,1.9379999999998194
0.0648,0.0,0.0,0.0,12.028331779647488,-3.267793622434505,-11.946396999222992,30.0,0.0,0.0,0.0,0.0,15.296125402081993,8.678603376788487,-23.974728778870478,1.9439999999998208
0.065,0.0,0.0,0.0,12.028137558546637,-3.126210449867906,-11.943655898060875,30.0,0.0,0.0,0.0,0.0,15.154348008414544,8.81744544819297,-23.971793456607514,1.9499999999998223
0.0652,0.0,0.0,0.0,12.027786865672793,-2.9857454221700945,-11.941352867673457,30.0,0.0,0.0,0.0,0.0,15.013532287842887,8.955607445503363,-23.96913973334625,1.9559999999998237
0.0654,0.0,0.0,0.0,12.02727480254418,-2.8464015675693695,-11.939481691238926,30.0,0.0,0.0,0.0,0.0,14.87367637011355,9.093080123669557,-23.96675649378311,1.9619999999998252
0.0656,0.0,0.0,0.0,12.026597205863396,-2.708176407457766,-11.938034102054973,30.0,0.0,0.0,0.0,0.0,14.734773613321163,9.229857694597207,-23.964631307918367,1.9679999999998268
0.0658,0.0,0.0,0.0,12.02575070320131,-2.5710620316059285,-11.936999918226867,30.0,0.0,0.0,0.0,0.0,14.596812734807237,9.365937886620939,-23.962750621428178,1.9739999999998281
0.066,0.0,0.0,0.0,12.024732766054512,-2.435045192562404,-11.936367180291775,30.0,0.0,0.0,0.0,0.0,14.459777958616916,9.501321987729371,-23.961099946346287,1.9799999999998297
0.0662,0.0,0.0,0.0,12.02354175989112,-2.3001074189201507,-11.936122291145658,30.0,0.0,0.0,0.0,0.0,14.323649178811271,9.636014872225507,-23.95966405103678,1.985999999999831
0.0664,0.0,0.0,0.0,12.022176990806125,-2.1662251470645817,-11.936250157642762,30.0,0.0,0.0,0.0,0.0,14.188402137870707,9.77002501057818,-23.958427148448887,1.9919999999998326
0.0666,0.0,0.0,0.0,12.020638748415493,-2.0333698709508274,-11.936734333244,30.0,0.0,0.0,0.0,0.0,14.054008619366321,9.903364462293172,-23.957373081659494,1.9979999999998341
0.0668,0.0,0.0,0.0,12.018928344628748,-1.901508309392256,-11.937557161099077,30.0,0.0,0.0,0.0,0.0,13.920436654021003,10.036048851706822,-23.956485505727827,2.0039999999998326
0.067,0.0,0.0,0.0,12.017048147951682,-1.7706025902784976,-11.938699916958834,30.0,0.0,0.0,0.0,0.0,13.78765073823018,10.168097326680336,-23.955748064910516,2.0099999999998306
0.0672,0.0,0.0,0.0,12.015001612985486,-1.640610451080575,-11.940142951327633,30.0,0.0,0.0,0.0,0.0,13.65561206406606,10.299532500247059,-23.95514456431312,2.0159999999998273
0.0674,0.0,0.0,0.0,12.012793304804536,-1.5114854549400172,-11.941865830281856,30.0,0.0,0.0,0.0,0.0,13.524278759744552,10.430380375341839,-23.95465913508639,2.0219999999998253
0.0676,0.0,0.0,0.0,12.010428917913286,-1.3831772215835576,-11.943847474398543,30.0,0.0,0.0,0.0,0.0,13.393606139496843,10.560670252814987,-23.95427639231183,2.027999999999822
0.0678,0.0,0.0,0.0,12.007915289502698,-1.255631672249455,-11.946066295258724,30.0,0.0,0.0,0.0,0.0,13.263546961752153,10.690434623009269,-23.953981584761422,2.03399999999982
0.068,0.0,0.0,0.0,12.005260406748254,-1.1287912877619488,-11.948500329012077,30.0,0.0,0.0,0.0,0.0,13.134051694510203,10.819709041250128,-23.953760735760333,2.039999999999818
0.0682,0.0,0.0,0.0,12.002473407915168,-1.0025953788407909,-11.951127366513699,30.0,0.0,0.0,0.0,0.0,13.00506878675596,10.948531987672908,-23.953600774428867,2.0459999999998146
0.0684,0.0,0.0,0.0,11.99956457706122,-0.876980367689057,-11.953925079569753,30.0,0.0,0.0,0.0,0.0,12.876544944750277,11.076944711880696,-23.95348965663097,2.0519999999998126
0.0686,0.0,0.0,0.0,11.99654533215435,-0.7518800798611975,-11.956871142855922,30.0,0.0,0.0,0.0,0.0,12.748425412015546,11.204991062994726,-23.953416475010272,2.0579999999998093
0.0688,0.0,0.0,0.0,11.993428206449984,-0.6272260453746885,-11.959943351101675,30.0,0.0,0.0,0.0,0.0,12.620654251824673,11.332717305726986,-23.95337155755166,2.0639999999998073
0.069,0.0,0.0,0.0,11.990226823002207,-0.5029478079963356,-11.963119731163317,30.0,0.0,0.0,0.0,0.0,12.493174630998542,11.460171923166982,-23.953346554165524,2.0699999999998053
0.0692,0.0,0.0,0.0,11.986955862213458,-0.3789732416028137,-11.966378648640188,30.0,0.0,0.0,0.0,0.0,12.365929103816272,11.587405407037373,-23.953334510853644,2.075999999999802
0.0694,0.0,0.0,0.0,11.983631022358654,-0.255228872490083,-11.969698908720543,30.0,0.0,0.0,0.0,0.0,12.238859894848737,11.71447003623046,-23.953329931079196,2.0819999999998
0.0696,0.0,0.0,0.0,11.980268973052139,-0.1316402064845076,-11.973059850976709,30.0,0.0,0.0,0.0,0.0,12.111909179536646,11.841419644492202,-23.953328824028848,2.0879999999997967
0.0698,0.0,0.0,0.0,11.97688730165882,-0.008132059689944212,-11.976441437862816,30.0,0.0,0.0,0.0,0.0,11.985019361348764,11.968309378172872,-23.953328739521638,2.0939999999997947
0.07,0.0,0.0,0.0,11.973504452684784,0.11537110830675491,-11.979824336702716,30.0,0.0,0.0,0.0,0.0,11.858133344378029,12.095195445009471,-23.9533287893875,2.0999999999997927
0.0702,0.0,0.0,0.0,11.97013966021664,0.2389448599599042,-11.98318999499008,30.0,0.0,0.0,0.0,0.0,11.731194800256736,12.222134854949985,-23.953329655206723,2.1059999999997894
0.0704,0.0,0.0,0.0,11.966812873513632,0.3626644452105923,-11.986520708857517,30.0,0.0,0.0,0.0,0.0,11.60414842830304,12.34918515406811,-23.95333358237115,2.1119999999997874
0.0706,0.0,0.0,0.0,11.963544675891104,0.4866044680458018,-11.989799684606194,30.0,0.0,0.0,0.0,0.0,11.476940207845303,12.476404152651995,-23.953344360497297,2.117999999999784
0.0708,0.0,0.0,0.0,11.96035619706868,0.6108385553599835,-11.993011093222002,30.0,0.0,0.0,0.0,0.0,11.349517641708697,12.603849648581985,-23.953367290290682,2.123999999999782
0.071,0.0,0.0,0.0,11.957269019191129,0.7354390292980517,-11.996140117838697,30.0,0.0,0.0,0.0,0.0,11.221829989893077,12.731579147136749,-23.953409137029826,2.1299999999997787
0.0712,0.0,0.0,0.0,11.95430507676405,0.8604765842477221,-11.9991729941421,30.0,0.0,0.0,0.0,0.0,11.093828492516328,12.859649578389822,-23.95347807090615,2.1359999999997767
0.0714,0.0,0.0,0.0,11.95148655078044,0.9860199696303511,-12.002097043742713,30.0,0.0,0.0,0.0,0.0,10.965466581150089,12.988117013373065,-23.953583594523153,2.1419999999997748
0.0716,0.0,0.0,0.0,11.948835757347192,1.1121356796197088,-12.004900700576584,30.0,0.0,0.0,0.0,0.0,10.836700077727484,13.117036380196293,-23.953736457923775,2.1479999999997714
0.0718,0.0,0.0,0.0,11.946375031153128,1.2388876508917834,-12.007573530425697,30.0,0.0,0.0,0.0,0.0,10.707487380261345,13.24646118131748,-23.953948561578827,2.1539999999997694
0.072,0.0,0.0,0.0,11.944126604151364,1.3663369694792844,-12.01010624367986,30.0,0.0,0.0,0.0,0.0,10.57778963467208,13.376443213159146,-23.954232847831225,2.159999999999766
0.0722,0.0,0.0,0.0,11.942112479859288,1.4945415877721615,-12.01249070149124,30.0,0.0,0.0,0.0,0.0,10.447570892087127,13.507032289263401,-23.954603181350528,2.165999999999764
0.0724,0.0,0.0,0.0,11.94035430370831,1.623556052666785,-12.014719915500969,30.0,0.0,0.0,0.0,0.0,10.316798251041524,13.638275968167754,-23.95507421920928,2.171999999999762
0.0726,0.0,0.0,0.0,11.93887322990321,1.7534312458271994,-12.016788041343831,30.0,0.0,0.0,0.0,0.0,10.18544198407601,13.770219287171031,-23.955661271247042,2.177999999999759
0.0728,0.0,0.0,0.0,11.937689785277032,1.8842141369766083,-12.01869036616228,30.0,0.0,0.0,0.0,0.0,10.053475648300424,13.902904503138888,-23.956380151439312,2.183999999999757
0.073,0.0,0.0,0.0,11.936823730651644,2.0159475510896447,-12.02042329038481,30.0,0.0,0.0,0.0,0.0,9.920876179562,14.036370841474454,-23.957247021036455,2.1899999999997535
0.0732,0.0,0.0,0.0,11.936293920236821,2.1486699503062274,-12.021984304045347,30.0,0.0,0.0,0.0,0.0,9.787623969930593,14.170654254351575,-23.958278224282168,2.1959999999997515
0.0734,0.0,0.0,0.0,11.93611815962103,2.2824152313325663,-12.02337195794086,30.0,0.0,0.0,0.0,0.0,9.653702928288464,14.305787189273426,-23.95949011756189,2.2019999999997495
0.0736,0.0,0.0,0.0,11.936313062925825,2.4172125390399795,-12.024585829942456,30.0,0.0,0.0,0.0,0.0,9.519100523885845,14.441798368982436,-23.96089889286828,2.207999999999746
0.0738,0.0,0.0,0.0,11.936893909711765,2.553086096912257,-12.025626486791932,30.0,0.0,0.0,0.0,0.0,9.383807812799509,14.578712583704188,-23.9625203965037,2.213999999999744
0.074,0.0,0.0,0.0,11.937874502238005,2.690055054930979,-12.026495441730079,30.0,0.0,0.0,0.0,0.0,9.247819447307027,14.716550496661057,-23.964369943968084,2.219999999999741
0.0742,0.0,0.0,0.0,11.939267023689165,2.828133355425914,-12.027195108315713,30.0,0.0,0.0,0.0,0.0,9.111133668263252,14.855328463741627,-23.966462132004878,2.225999999999739
0.0744,0.0,0.0,0.0,11.941081897992202,2.9673296173507633,-12.027728750804869,30.0,0.0,0.0,0.0,0.0,8.973752280641438,14.995058368155632,-23.96881064879707,2.2319999999997355
0.0746,0.0,0.0,0.0,11.943327651852702,3.107647039379649,-12.028100431468127,30.0,0.0,0.0,0.0,0.0,8.835680612473052,15.135747470847775,-23.97142808332083,2.2379999999997335
0.0748,0.0,0.0,0.0,11.946010779643784,3.249083322149725,-12.028314955230377,30.0,0.0,0.0,0.0,0.0,8.69692745749406,15.277398277380101,-23.97432573487416,2.2439999999997315
0.075,0.0,0.0,0.0,11.94913561178232,3.391630609907835,-12.028377812021896,30.0,0.0,0.0,0.0,0.0,8.557505001874485,15.420008421929731,-23.97751342380422,2.249999999999728
0.0752,0.0,0.0,0.0,11.952704187225512,3.535275451748103,-12.028295117231744,30.0,0.0,0.0,0.0,0.0,8.41742873547741,15.563570568979847,-23.980999304457256,2.2559999999997262
0.0754,0.0,0.0,0.0,11.956716130716913,3.679998782556731,-12.02807355065501,30.0,0.0,0.0,0.0,0.0,8.276717348160183,15.708072333211742,-23.98478968137192,2.261999999999723
0.0756,0.0,0.0,0.0,11.961168535404004,3.825775923710667,-12.027720294323581,30.0,0.0,0.0,0.0,0.0,8.135392611693337,15.853496218034248,-23.988888829727586,2.267999999999721
0.0758,0.0,0.0,0.0,11.966055851439622,3.9725766035041215,-12.027242969606608,30.0,0.0,0.0,0.0,0.0,7.9934792479355,15.999819573110729,-23.99329882104623,2.273999999999719
0.076,0.0,0.0,0.0,11.971369781167285,4.120364997208149,-12.026649573961222,30.0,0.0,0.0,0.0,0.0,7.8510047839591355,16.147014571169372,-23.998019355128505,2.2799999999997156
0.0762,0.0,0.0,0.0,11.977099181475134,4.269099786597312,-12.025948417706674,30.0,0.0,0.0,0.0,0.0,7.707999394877822,16.29504820430399,-24.00304759918181,2.2859999999997136
0.0764,0.0,0.0,0.0,11.983229973885278,4.4187342387080895,-12.025148061185778,30.0,0.0,0.0,0.0,0.0,7.564495735177188,16.44388229989387,-24.008378035071054,2.2919999999997103
0.0766,0.0,0.0,0.0,11.989745062924838,4.569216303526626,-12.024257252666818,30.0,0.0,0.0,0.0,0.0,7.420528759398212,16.593473556193445,-24.014002315591654,2.2979999999997083
0.0768,0.0,0.0,0.0,11.996624263301666,4.720488730234597,-12.023284867326213,30.0,0.0,0.0,0.0,0.0,7.276135533067069,16.74377359756081,-24.01990913062788,2.303999999999705
0.077,0.0,0.0,0.0,12.003844236381987,4.87248920157856,-12.022239847638335,30.0,0.0,0.0,0.0,0.0,7.131355034803427,16.894729049216895,-24.026084084020322,2.309999999999703
0.0772,0.0,0.0,0.0,12.011378436438884,5.025150485862475,-12.021131145483151,30.0,0.0,0.0,0.0,0.0,6.986227950576409,17.046281631345625,-24.032509581922035,2.315999999999701
0.0774,0.0,0.0,0.0,12.019197067109994,5.178400606003225,-12.01996766626545,30.0,0.0,0.0,0.0,0.0,6.840796461106769,17.198368272268674,-24.039164733375443,2.3219999999996976
0.0776,0.0,0.0,0.0,12.027267048469689,5.33216302502845,-12.018758215321125,30.0,0.0,0.0,0.0,0.0,6.695104023441239,17.350921240349575,-24.046025263790813,2.3279999999996956
0.0778,0.0,0.0,0.0,12.035551995085958,5.486356847338981,-12.017511446866697,30.0,0.0,0.0,0.0,0.0,6.549195147746977,17.503868294205677,-24.053063441952656,2.3339999999996923
0.078,0.0,0.0,0.0,12.044012205394953,5.640897035005112,-12.016235815727686,30.0,0.0,0.0,0.0,0.0,6.403115170389841,17.6571328507328,-24.06024802112264,2.3399999999996903
0.0782,0.0,0.0,0.0,12.052604662687008,5.795694638312612,-12.014939532060376,30.0,0.0,0.0,0.0,0.0,6.256910024374396,17.81063417037299,-24.067544194747384,2.3459999999996883
0.0784,0.0,0.0,0.0,12.061283047957016,5.950657039727828,-12.01363051925907,30.0,0.0,0.0,0.0,0.0,6.110626008229188,17.964287558986896,-24.074913567216086,2.351999999999685
0.0786,0.0,0.0,0.0,12.069997764829422,6.105688210404953,-12.012316375218385,30.0,0.0,0.0,0.0,0.0,5.964309554424469,18.11800458562334,-24.082314140047806,2.357999999999683
0.0788,0.0,0.0,0.0,12.07869597672398,6.260688978316593,-12.011004337096738,30.0,0.0,0.0,0.0,0.0,5.8180069984073866,18.27169331541333,-24.089700313820718,2.3639999999996797
0.079,0.0,0.0,0.0,12.087321656383113,6.415557307051807,-12.009701249703339,30.0,0.0,0.0,0.0,0.0,5.671764349331306,18.425258556755146,-24.09702290608645,2.3699999999996777
0.0792,0.0,0.0,0.0,12.095815647834996,6.570188584289186,-12.008413537607106,30.0,0.0,0.0,0.0,0.0,5.5256270635458105,18.578602121896292,-24.1042291854421,2.3759999999996757
0.0794,0.0,0.0,0.0,12.104115740819088,6.724475918923618,-12.007147181041711,30.0,0.0,0.0,0.0,0.0,5.37963982189547,18.73162309996533,-24.1112629218608,2.3819999999996724
0.0796,0.0,0.0,0.0,12.11215675765247,6.87831044579717,-12.005907695656656,30.0,0.0,0.0,0.0,0.0,5.2338463118553,18.884218141453825,-24.118064453309124,2.3879999999996704
0.0798,0.0,0.0,0.0,12.119870652466318,7.031581636961461,-12.004700116140357,30.0,0.0,0.0,0.0,0.0,5.088289015504857,19.036281753101818,-24.124570768606674,2.393999999999667
0.08,0.0,0.0,0.0,12.127186622692813,7.184177618381195,-12.003528983717247,30.0,0.0,0.0,0.0,0.0,4.943009004311618,19.187706602098444,-24.13071560641006,2.399999999999665
